Longitude,Latitude,inst0,inst1,inst2,inst3,inst4,inst5,inst6,inst7,inst8,inst9,inst10,inst11,inst12,inst13,inst14,inst15,inst16,inst17,inst18,inst19
174.82397,-36.90762667,0.0,0.0,0.0,11.0,13.0,9.0,2.0,9.0,0.0,12.0,1.0,0.0,0.0,0.0,0.0,0.0,0.0,0.0,0.0,0.0
174.85025556,-36.92161917,0.0,0.0,0.0,6.0,10.0,3.0,0.0,3.0,0.0,5.0,1.0,1.0,0.0,0.0,0.0,0.0,0.0,0.0,0.0,0.0
174.77119556,-36.91954,0.0,0.0,0.0,0.0,9.0,2.0,5.0,5.0,5.0,0.0,3.0,0.0,0.0,0.0,0.0,0.0,0.0,0.0,0.0,0.0
174.77350306,-36.91646722,0.0,0.0,0.0,0.0,5.0,2.0,2.0,2.0,4.0,0.0,3.0,0.0,0.0,0.0,0.0,0.0,0.0,0.0,0.0,0.0
174.83975917,-36.95396944,0.0,0.0,0.0,0.0,0.0,0.0,0.0,1.0,0.0,9.0,3.0,0.0,4.0,0.0,0.0,0.0,0.0,0.0,0.0,0.0
174.80619139,-36.89871611,0.0,0.0,0.0,4.0,1.0,5.0,34.0,2.0,0.0,2.0,2.0,0.0,0.0,0.0,0.0,0.0,0.0,0.0,0.0,0.0
174.84788583,-36.9371525,0.0,0.0,0.0,13.0,0.0,4.0,0.0,6.0,0.0,5.0,3.0,3.0,2.0,0.0,0.0,0.0,0.0,0.0,0.0,0.0
174.83429861,-36.87441972,0.0,0.0,0.0,1.0,7.0,4.0,6.0,4.0,0.0,8.0,1.0,0.0,0.0,0.0,0.0,0.0,0.0,0.0,0.0,0.0
174.72429,-36.88467889,0.0,0.0,0.0,0.0,6.0,24.0,13.0,7.0,19.0,0.0,0.0,0.0,0.0,0.0,0.0,0.0,0.0,0.0,0.0,0.0
174.72642,-36.88175194,0.0,0.0,0.0,0.0,6.0,9.0,1.0,9.0,3.0,0.0,0.0,0.0,0.0,0.0,0.0,0.0,0.0,0.0,0.0,0.0
174.84804,-36.93974444,0.0,0.0,0.0,15.0,0.0,3.0,0.0,4.0,0.0,4.0,1.0,2.0,4.0,0.0,0.0,0.0,0.0,0.0,0.0,0.0
174.74725,-36.71222889,5.0,1.0,3.0,0.0,0.0,0.0,0.0,0.0,0.0,0.0,0.0,0.0,0.0,0.0,0.0,0.0,0.0,0.0,0.0,0.0
174.84133,-36.86294972,0.0,0.0,0.0,16.0,7.0,2.0,0.0,0.0,0.0,1.0,3.0,11.0,0.0,0.0,0.0,0.0,0.0,0.0,0.0,0.0
174.80054917,-36.86424833,0.0,0.0,0.0,0.0,2.0,1.0,9.0,2.0,0.0,2.0,1.0,0.0,0.0,0.0,0.0,0.0,0.0,0.0,0.0,0.0
174.84689583,-36.94406583,0.0,0.0,0.0,2.0,0.0,3.0,0.0,3.0,0.0,15.0,4.0,6.0,6.0,0.0,0.0,0.0,0.0,0.0,0.0,0.0
174.84731,-36.94535444,0.0,0.0,0.0,5.0,0.0,0.0,0.0,6.0,0.0,9.0,1.0,5.0,8.0,0.0,0.0,0.0,0.0,0.0,0.0,0.0
174.84919,-36.94711556,0.0,0.0,0.0,1.0,0.0,0.0,0.0,5.0,0.0,4.0,1.0,20.0,4.0,0.0,0.0,0.0,0.0,0.0,0.0,0.0
174.84044667,-36.942775,0.0,0.0,0.0,3.0,0.0,8.0,0.0,2.0,0.0,10.0,4.0,10.0,1.0,0.0,0.0,0.0,0.0,0.0,0.0,0.0
174.82632,-36.90763167,0.0,0.0,0.0,14.0,16.0,11.0,2.0,2.0,0.0,16.0,11.0,0.0,0.0,0.0,0.0,0.0,0.0,0.0,0.0,0.0
174.82631,-36.90769472,0.0,0.0,0.0,9.0,3.0,13.0,12.0,2.0,0.0,3.0,8.0,0.0,0.0,0.0,0.0,0.0,0.0,0.0,0.0,0.0
174.71814611,-36.86223444,0.0,2.0,3.0,0.0,6.0,7.0,3.0,2.0,10.0,0.0,0.0,0.0,0.0,0.0,0.0,0.0,0.0,0.0,0.0,0.0
174.81602,-36.85870278,0.0,0.0,0.0,7.0,1.0,20.0,11.0,1.0,0.0,7.0,2.0,0.0,0.0,0.0,0.0,0.0,0.0,0.0,0.0,0.0
174.85491,-36.8797875,0.0,0.0,0.0,7.0,3.0,1.0,0.0,0.0,0.0,8.0,5.0,1.0,0.0,0.0,0.0,0.0,0.0,0.0,0.0,0.0
174.74783667,-36.84588667,0.0,4.0,1.0,0.0,8.0,2.0,52.0,7.0,5.0,0.0,0.0,0.0,0.0,0.0,0.0,0.0,0.0,0.0,0.0,0.0
174.86636,-36.8786075,0.0,0.0,0.0,2.0,14.0,6.0,0.0,0.0,0.0,1.0,9.0,3.0,0.0,0.0,0.0,0.0,0.0,0.0,0.0,0.0
174.7798,-36.85447889,0.0,3.0,4.0,0.0,5.0,2.0,10.0,2.0,3.0,0.0,0.0,0.0,0.0,0.0,0.0,0.0,0.0,0.0,0.0,0.0
174.80497139,-36.90359583,0.0,0.0,0.0,0.0,6.0,4.0,14.0,1.0,0.0,2.0,3.0,0.0,0.0,0.0,0.0,0.0,0.0,0.0,0.0,0.0
174.7841,-36.88320389,0.0,0.0,0.0,0.0,1.0,6.0,5.0,3.0,13.0,0.0,1.0,0.0,0.0,0.0,0.0,0.0,0.0,0.0,0.0,0.0
174.77464083,-36.91623611,0.0,0.0,0.0,0.0,9.0,2.0,1.0,2.0,6.0,0.0,10.0,0.0,0.0,0.0,0.0,0.0,0.0,0.0,0.0,0.0
174.79275583,-36.88120944,0.0,0.0,0.0,0.0,22.0,6.0,5.0,8.0,1.0,6.0,6.0,0.0,0.0,0.0,0.0,0.0,0.0,0.0,0.0,0.0
174.84924,-36.94700667,0.0,0.0,0.0,6.0,0.0,0.0,0.0,7.0,0.0,2.0,2.0,6.0,6.0,0.0,0.0,0.0,0.0,0.0,0.0,0.0
174.83716056,-36.86167417,0.0,0.0,0.0,5.0,4.0,9.0,0.0,7.0,0.0,3.0,3.0,0.0,0.0,0.0,0.0,0.0,0.0,0.0,0.0,0.0
174.84792,-36.94474861,0.0,0.0,0.0,12.0,0.0,0.0,0.0,2.0,0.0,8.0,1.0,7.0,3.0,0.0,0.0,0.0,0.0,0.0,0.0,0.0
174.77389,-36.87838,0.0,0.0,0.0,0.0,15.0,1.0,24.0,3.0,4.0,0.0,7.0,0.0,0.0,0.0,0.0,0.0,0.0,0.0,0.0,0.0
174.77848528,-36.88688028,0.0,0.0,0.0,0.0,6.0,3.0,6.0,1.0,5.0,0.0,8.0,0.0,0.0,0.0,0.0,0.0,0.0,0.0,0.0,0.0
174.7777,-36.87895694,0.0,0.0,0.0,0.0,10.0,10.0,4.0,2.0,39.0,0.0,1.0,0.0,0.0,0.0,0.0,0.0,0.0,0.0,0.0,0.0
174.80213833,-36.86430333,0.0,0.0,0.0,0.0,4.0,2.0,4.0,1.0,0.0,5.0,2.0,0.0,0.0,0.0,0.0,0.0,0.0,0.0,0.0,0.0
174.77779,-36.87842389,0.0,0.0,0.0,0.0,1.0,1.0,5.0,1.0,13.0,0.0,1.0,0.0,0.0,0.0,0.0,0.0,0.0,0.0,0.0,0.0
174.84998,-36.8528325,0.0,0.0,0.0,8.0,7.0,7.0,0.0,0.0,0.0,3.0,1.0,1.0,0.0,0.0,0.0,0.0,0.0,0.0,0.0,0.0
174.79593667,-36.88347833,0.0,0.0,0.0,0.0,10.0,2.0,4.0,10.0,10.0,2.0,2.0,0.0,0.0,0.0,0.0,0.0,0.0,0.0,0.0,0.0
174.71910417,-36.86609972,0.0,0.0,2.0,0.0,9.0,1.0,10.0,11.0,20.0,0.0,0.0,0.0,0.0,0.0,0.0,0.0,0.0,0.0,0.0,0.0
174.65309194,-36.88115222,0.0,0.0,0.0,0.0,0.0,0.0,2.0,1.0,9.0,0.0,0.0,0.0,0.0,0.0,0.0,0.0,0.0,0.0,0.0,0.0
174.65290472,-36.88131694,0.0,0.0,0.0,0.0,0.0,0.0,4.0,2.0,4.0,0.0,0.0,0.0,0.0,0.0,0.0,0.0,0.0,0.0,0.0,0.0
174.63624639,-36.88718361,0.0,0.0,0.0,0.0,0.0,0.0,5.0,0.0,2.0,0.0,0.0,0.0,0.0,0.0,0.0,0.0,0.0,0.0,0.0,0.0
174.82820306,-36.90791972,0.0,0.0,0.0,11.0,13.0,7.0,24.0,6.0,0.0,7.0,6.0,5.0,0.0,0.0,0.0,0.0,0.0,0.0,0.0,0.0
174.79932917,-36.88640944,0.0,0.0,0.0,0.0,5.0,4.0,3.0,3.0,1.0,3.0,1.0,0.0,0.0,0.0,0.0,0.0,0.0,0.0,0.0,0.0
174.80598,-36.88631667,0.0,0.0,0.0,7.0,2.0,14.0,1.0,1.0,0.0,6.0,1.0,0.0,0.0,0.0,0.0,0.0,0.0,0.0,0.0,0.0
174.83482,-36.9457025,0.0,0.0,0.0,4.0,0.0,1.0,0.0,10.0,0.0,4.0,1.0,0.0,27.0,0.0,0.0,0.0,0.0,0.0,0.0,0.0
174.68807917,-36.89594194,0.0,0.0,0.0,0.0,3.0,6.0,1.0,1.0,3.0,0.0,0.0,0.0,0.0,0.0,0.0,0.0,0.0,0.0,0.0,0.0
174.77764167,-36.88731917,0.0,0.0,0.0,0.0,3.0,3.0,9.0,2.0,10.0,0.0,1.0,0.0,0.0,0.0,0.0,0.0,0.0,0.0,0.0,0.0
174.68265333,-36.90277111,0.0,0.0,0.0,0.0,2.0,9.0,4.0,2.0,12.0,0.0,0.0,0.0,0.0,0.0,0.0,0.0,0.0,0.0,0.0,0.0
174.87852861,-36.99357972,0.0,0.0,0.0,0.0,0.0,0.0,0.0,0.0,0.0,0.0,8.0,0.0,5.0,0.0,0.0,0.0,0.0,0.0,0.0,0.0
174.92171222,-36.93060833,0.0,0.0,0.0,3.0,0.0,0.0,0.0,0.0,0.0,11.0,2.0,1.0,2.0,0.0,0.0,0.0,0.0,0.0,0.0,0.0
174.92111694,-37.01931444,0.0,0.0,0.0,0.0,0.0,0.0,0.0,0.0,0.0,0.0,0.0,0.0,1.0,52.0,31.0,7.0,26.0,4.0,6.0,5.0
174.82959,-36.97432778,0.0,0.0,0.0,0.0,0.0,0.0,0.0,0.0,0.0,0.0,1.0,0.0,2.0,0.0,0.0,0.0,0.0,0.0,0.0,0.0
174.80281,-36.95356278,0.0,0.0,0.0,0.0,4.0,1.0,0.0,11.0,0.0,0.0,4.0,0.0,4.0,0.0,0.0,0.0,0.0,0.0,0.0,0.0
174.90169222,-36.92617333,0.0,0.0,0.0,11.0,0.0,0.0,0.0,0.0,0.0,21.0,1.0,3.0,27.0,0.0,0.0,0.0,0.0,0.0,0.0,0.0
174.90133,-36.92728028,0.0,0.0,0.0,14.0,0.0,0.0,0.0,0.0,0.0,2.0,2.0,15.0,4.0,0.0,0.0,0.0,0.0,0.0,0.0,0.0
174.90101,-36.92432139,0.0,0.0,0.0,7.0,0.0,0.0,0.0,0.0,0.0,6.0,1.0,7.0,6.0,0.0,0.0,0.0,0.0,0.0,0.0,0.0
174.89798,-36.92171528,0.0,0.0,0.0,8.0,0.0,0.0,0.0,0.0,0.0,2.0,4.0,1.0,0.0,0.0,0.0,0.0,0.0,0.0,0.0,0.0
174.89467722,-36.92591056,0.0,0.0,0.0,23.0,0.0,0.0,0.0,0.0,0.0,2.0,3.0,2.0,4.0,0.0,0.0,0.0,0.0,0.0,0.0,0.0
174.94945944,-36.98110139,0.0,0.0,0.0,0.0,0.0,0.0,0.0,0.0,0.0,0.0,0.0,1.0,8.0,42.0,31.0,0.0,0.0,0.0,0.0,0.0
174.91597944,-36.90539778,0.0,0.0,0.0,2.0,0.0,0.0,0.0,0.0,0.0,7.0,1.0,11.0,0.0,0.0,0.0,0.0,0.0,0.0,0.0,0.0
174.85273,-36.98864167,0.0,0.0,0.0,0.0,0.0,0.0,0.0,0.0,0.0,0.0,1.0,0.0,10.0,0.0,0.0,0.0,0.0,0.0,0.0,0.0
174.92163,-36.93055833,0.0,0.0,0.0,14.0,0.0,0.0,0.0,0.0,0.0,3.0,4.0,4.0,1.0,0.0,0.0,0.0,0.0,0.0,0.0,0.0
174.86236,-37.02753944,0.0,0.0,0.0,0.0,0.0,0.0,0.0,0.0,0.0,0.0,0.0,0.0,1.0,0.0,0.0,7.0,64.0,22.0,63.0,11.0
174.93950722,-36.90655917,0.0,0.0,0.0,1.0,0.0,0.0,0.0,0.0,0.0,2.0,4.0,2.0,0.0,0.0,0.0,0.0,0.0,0.0,0.0,0.0
174.84246139,-36.96611833,0.0,0.0,0.0,0.0,0.0,0.0,0.0,0.0,0.0,6.0,2.0,0.0,2.0,0.0,0.0,0.0,0.0,0.0,0.0,0.0
174.92426,-36.90537722,0.0,0.0,0.0,3.0,0.0,0.0,0.0,0.0,0.0,14.0,3.0,6.0,0.0,0.0,0.0,0.0,0.0,0.0,0.0,0.0
174.84874472,-36.97895222,0.0,0.0,0.0,0.0,0.0,0.0,0.0,0.0,0.0,0.0,1.0,0.0,3.0,0.0,0.0,0.0,0.0,0.0,0.0,0.0
174.83725,-36.96448167,0.0,0.0,0.0,0.0,0.0,0.0,0.0,8.0,0.0,3.0,7.0,0.0,5.0,0.0,0.0,0.0,0.0,0.0,0.0,0.0
174.88501,-37.02887639,0.0,0.0,0.0,0.0,0.0,0.0,0.0,0.0,0.0,0.0,0.0,0.0,10.0,2.0,19.0,21.0,3.0,13.0,2.0,120.0
174.88811,-37.03413139,0.0,0.0,0.0,0.0,0.0,0.0,0.0,0.0,0.0,0.0,0.0,0.0,1.0,73.0,5.0,1.0,27.0,10.0,62.0,40.0
174.85262,-36.98900444,0.0,0.0,0.0,0.0,0.0,0.0,0.0,0.0,0.0,0.0,1.0,0.0,1.0,0.0,0.0,0.0,0.0,0.0,0.0,0.0
174.8908,-37.00918028,0.0,0.0,0.0,0.0,0.0,0.0,0.0,0.0,0.0,0.0,0.0,0.0,14.0,7.0,43.0,2.0,0.0,0.0,0.0,19.0
174.91833,-37.03935917,0.0,0.0,0.0,0.0,0.0,0.0,0.0,0.0,0.0,0.0,0.0,0.0,2.0,10.0,12.0,8.0,36.0,75.0,40.0,22.0
174.87437,-36.98261639,0.0,0.0,0.0,0.0,0.0,0.0,0.0,0.0,0.0,6.0,1.0,0.0,1.0,0.0,0.0,0.0,0.0,0.0,0.0,0.0
174.87257,-37.03664639,0.0,0.0,0.0,0.0,0.0,0.0,0.0,0.0,0.0,0.0,0.0,0.0,1.0,12.0,18.0,4.0,16.0,19.0,2.0,41.0
174.90465528,-36.95955639,0.0,0.0,0.0,9.0,0.0,0.0,0.0,0.0,0.0,5.0,1.0,13.0,5.0,0.0,0.0,0.0,0.0,0.0,0.0,0.0
174.87678722,-36.9818775,0.0,0.0,0.0,0.0,0.0,0.0,0.0,0.0,0.0,10.0,1.0,0.0,1.0,0.0,0.0,0.0,0.0,0.0,0.0,0.0
174.84888,-36.99110556,0.0,0.0,0.0,0.0,0.0,0.0,0.0,0.0,0.0,0.0,2.0,0.0,16.0,0.0,0.0,0.0,0.0,0.0,0.0,0.0
174.87441389,-36.92221639,0.0,0.0,0.0,13.0,0.0,0.0,0.0,0.0,0.0,18.0,1.0,1.0,3.0,0.0,0.0,0.0,0.0,0.0,0.0,0.0
174.90702861,-37.02893361,0.0,0.0,0.0,0.0,0.0,0.0,0.0,0.0,0.0,0.0,0.0,0.0,2.0,25.0,24.0,2.0,7.0,7.0,10.0,77.0
174.91831389,-36.89979611,0.0,0.0,0.0,14.0,0.0,0.0,0.0,0.0,0.0,2.0,1.0,6.0,0.0,0.0,0.0,0.0,0.0,0.0,0.0,0.0
174.92271667,-36.91200944,0.0,0.0,0.0,15.0,0.0,0.0,0.0,0.0,0.0,6.0,2.0,3.0,0.0,0.0,0.0,0.0,0.0,0.0,0.0,0.0
174.93935222,-36.91306472,0.0,0.0,0.0,6.0,0.0,0.0,0.0,0.0,0.0,4.0,4.0,6.0,0.0,0.0,0.0,0.0,0.0,0.0,0.0,0.0
174.91065,-36.88246417,0.0,0.0,0.0,3.0,0.0,0.0,0.0,0.0,0.0,5.0,4.0,21.0,0.0,0.0,0.0,0.0,0.0,0.0,0.0,0.0
174.88672,-37.03192944,0.0,0.0,0.0,0.0,0.0,0.0,0.0,0.0,0.0,0.0,0.0,0.0,10.0,39.0,32.0,40.0,41.0,19.0,17.0,42.0
174.89041,-37.04409639,0.0,0.0,0.0,0.0,0.0,0.0,0.0,0.0,0.0,0.0,0.0,0.0,6.0,15.0,20.0,26.0,7.0,9.0,1.0,86.0
174.89049,-36.98152444,0.0,0.0,0.0,0.0,0.0,0.0,0.0,0.0,0.0,14.0,1.0,35.0,7.0,0.0,0.0,0.0,0.0,0.0,0.0,0.0
174.83442,-36.97709361,0.0,0.0,0.0,0.0,0.0,0.0,0.0,0.0,0.0,0.0,3.0,0.0,1.0,0.0,0.0,0.0,0.0,0.0,0.0,0.0
174.86210333,-37.02769444,0.0,0.0,0.0,0.0,0.0,0.0,0.0,0.0,0.0,0.0,0.0,0.0,1.0,0.0,0.0,17.0,281.0,23.0,53.0,39.0
174.87256,-36.9127675,0.0,0.0,0.0,25.0,0.0,23.0,0.0,0.0,0.0,16.0,4.0,2.0,0.0,0.0,0.0,0.0,0.0,0.0,0.0,0.0
174.89471,-37.00776028,0.0,0.0,0.0,0.0,0.0,0.0,0.0,0.0,0.0,0.0,0.0,0.0,2.0,21.0,16.0,9.0,0.0,0.0,0.0,37.0
174.92511,-36.93092417,0.0,0.0,0.0,6.0,0.0,0.0,0.0,0.0,0.0,3.0,4.0,38.0,3.0,0.0,0.0,0.0,0.0,0.0,0.0,0.0
174.93472,-36.90382917,0.0,0.0,0.0,3.0,0.0,0.0,0.0,0.0,0.0,1.0,2.0,3.0,0.0,0.0,0.0,0.0,0.0,0.0,0.0,0.0
174.86790833,-36.98657806,0.0,0.0,0.0,0.0,0.0,0.0,0.0,0.0,0.0,0.0,5.0,0.0,10.0,0.0,0.0,0.0,0.0,0.0,0.0,0.0
174.90302,-36.94316833,0.0,0.0,0.0,8.0,0.0,0.0,0.0,0.0,0.0,10.0,1.0,9.0,6.0,0.0,0.0,0.0,0.0,0.0,0.0,0.0
174.87437,-36.98271556,0.0,0.0,0.0,0.0,0.0,0.0,0.0,0.0,0.0,2.0,6.0,0.0,1.0,0.0,0.0,0.0,0.0,0.0,0.0,0.0
174.83168,-36.98206167,0.0,0.0,0.0,0.0,0.0,0.0,0.0,0.0,0.0,0.0,2.0,0.0,9.0,0.0,0.0,0.0,0.0,0.0,0.0,0.0
174.84856,-36.97923139,0.0,0.0,0.0,0.0,0.0,0.0,0.0,0.0,0.0,0.0,2.0,0.0,4.0,0.0,0.0,0.0,0.0,0.0,0.0,0.0
174.83751528,-36.96449444,0.0,0.0,0.0,0.0,0.0,0.0,0.0,9.0,0.0,2.0,7.0,0.0,5.0,0.0,0.0,0.0,0.0,0.0,0.0,0.0
174.89083,-37.0090725,0.0,0.0,0.0,0.0,0.0,0.0,0.0,0.0,0.0,0.0,0.0,0.0,7.0,33.0,49.0,51.0,0.0,0.0,0.0,20.0
174.94016,-37.01714806,0.0,0.0,0.0,0.0,0.0,0.0,0.0,0.0,0.0,0.0,0.0,0.0,5.0,42.0,16.0,24.0,0.0,0.0,0.0,8.0
174.91814,-37.01812722,0.0,0.0,0.0,0.0,0.0,0.0,0.0,0.0,0.0,0.0,0.0,0.0,7.0,29.0,11.0,4.0,6.0,17.0,27.0,8.0
174.86652,-37.02675556,0.0,0.0,0.0,0.0,0.0,0.0,0.0,0.0,0.0,0.0,0.0,0.0,2.0,14.0,0.0,17.0,23.0,32.0,20.0,17.0
174.90850556,-37.02252917,0.0,0.0,0.0,0.0,0.0,0.0,0.0,0.0,0.0,0.0,0.0,0.0,4.0,5.0,44.0,5.0,27.0,116.0,6.0,26.0
174.89107,-36.98162222,0.0,0.0,0.0,0.0,0.0,0.0,0.0,0.0,0.0,13.0,2.0,1.0,5.0,0.0,0.0,0.0,0.0,0.0,0.0,0.0
174.9288,-36.89570611,0.0,0.0,0.0,4.0,0.0,0.0,0.0,0.0,0.0,1.0,1.0,24.0,0.0,0.0,0.0,0.0,0.0,0.0,0.0,0.0
174.88092,-37.05179639,0.0,0.0,0.0,0.0,0.0,0.0,0.0,0.0,0.0,0.0,0.0,0.0,4.0,13.0,25.0,13.0,68.0,58.0,12.0,13.0
174.85267,-36.98894944,0.0,0.0,0.0,0.0,0.0,0.0,0.0,0.0,0.0,0.0,10.0,0.0,5.0,0.0,0.0,0.0,0.0,0.0,0.0,0.0
174.92296,-36.91938028,0.0,0.0,0.0,14.0,0.0,0.0,0.0,0.0,0.0,4.0,7.0,24.0,0.0,0.0,0.0,0.0,0.0,0.0,0.0,0.0
174.88567056,-37.03484139,0.0,0.0,0.0,0.0,0.0,0.0,0.0,0.0,0.0,0.0,0.0,0.0,1.0,12.0,16.0,9.0,3.0,3.0,15.0,24.0
174.92559444,-36.89833167,0.0,0.0,0.0,3.0,0.0,0.0,0.0,0.0,0.0,17.0,1.0,6.0,0.0,0.0,0.0,0.0,0.0,0.0,0.0,0.0
174.91410028,-36.88239972,0.0,0.0,0.0,10.0,0.0,0.0,0.0,0.0,0.0,1.0,3.0,6.0,0.0,0.0,0.0,0.0,0.0,0.0,0.0,0.0
174.92503,-36.93167417,0.0,0.0,0.0,23.0,0.0,0.0,0.0,0.0,0.0,23.0,5.0,6.0,1.0,0.0,0.0,0.0,0.0,0.0,0.0,0.0
174.89125361,-36.89656194,0.0,0.0,0.0,54.0,0.0,0.0,0.0,0.0,0.0,2.0,1.0,3.0,0.0,0.0,0.0,0.0,0.0,0.0,0.0,0.0
174.91455917,-37.04220833,0.0,0.0,0.0,0.0,0.0,0.0,0.0,0.0,0.0,0.0,0.0,0.0,4.0,8.0,47.0,7.0,20.0,1.0,10.0,16.0
174.91451,-37.04092333,0.0,0.0,0.0,0.0,0.0,0.0,0.0,0.0,0.0,0.0,0.0,0.0,5.0,21.0,22.0,64.0,21.0,27.0,25.0,82.0
174.9114,-37.04495222,0.0,0.0,0.0,0.0,0.0,0.0,0.0,0.0,0.0,0.0,0.0,0.0,1.0,7.0,24.0,16.0,25.0,1.0,2.0,19.0
174.74301,-36.70927889,2.0,3.0,21.0,0.0,0.0,0.0,0.0,0.0,0.0,0.0,0.0,0.0,0.0,0.0,0.0,0.0,0.0,0.0,0.0,0.0
174.73683,-36.73055194,16.0,1.0,2.0,0.0,0.0,0.0,0.0,0.0,0.0,0.0,0.0,0.0,0.0,0.0,0.0,0.0,0.0,0.0,0.0,0.0
174.72626,-36.70755083,15.0,4.0,1.0,0.0,0.0,0.0,0.0,0.0,0.0,0.0,0.0,0.0,0.0,0.0,0.0,0.0,0.0,0.0,0.0,0.0
174.72126,-36.702575,2.0,2.0,7.0,0.0,0.0,0.0,0.0,0.0,0.0,0.0,0.0,0.0,0.0,0.0,0.0,0.0,0.0,0.0,0.0,0.0
174.72784083,-36.70988944,8.0,14.0,5.0,0.0,0.0,0.0,0.0,0.0,0.0,0.0,0.0,0.0,0.0,0.0,0.0,0.0,0.0,0.0,0.0,0.0
174.74566361,-36.73525833,2.0,2.0,4.0,0.0,0.0,0.0,0.0,0.0,0.0,0.0,0.0,0.0,0.0,0.0,0.0,0.0,0.0,0.0,0.0,0.0
174.73946,-36.74721,3.0,4.0,3.0,0.0,0.0,0.0,0.0,0.0,0.0,0.0,0.0,0.0,0.0,0.0,0.0,0.0,0.0,0.0,0.0,0.0
174.74220111,-36.76073472,9.0,3.0,1.0,0.0,0.0,0.0,0.0,0.0,0.0,0.0,0.0,0.0,0.0,0.0,0.0,0.0,0.0,0.0,0.0,0.0
174.75455,-36.77639083,2.0,4.0,3.0,0.0,0.0,0.0,0.0,0.0,0.0,0.0,0.0,0.0,0.0,0.0,0.0,0.0,0.0,0.0,0.0,0.0
174.74415972,-36.73891611,12.0,4.0,1.0,0.0,0.0,0.0,0.0,0.0,0.0,0.0,0.0,0.0,0.0,0.0,0.0,0.0,0.0,0.0,0.0,0.0
174.75203,-36.78185889,16.0,7.0,3.0,0.0,7.0,0.0,0.0,0.0,0.0,0.0,0.0,0.0,0.0,0.0,0.0,0.0,0.0,0.0,0.0,0.0
174.74956,-36.76340389,16.0,2.0,5.0,0.0,0.0,0.0,0.0,0.0,0.0,0.0,0.0,0.0,0.0,0.0,0.0,0.0,0.0,0.0,0.0,0.0
174.75286278,-36.76643667,11.0,1.0,1.0,0.0,0.0,0.0,0.0,0.0,0.0,0.0,0.0,0.0,0.0,0.0,0.0,0.0,0.0,0.0,0.0,0.0
174.75293917,-36.76454694,20.0,2.0,2.0,0.0,0.0,0.0,0.0,0.0,0.0,0.0,0.0,0.0,0.0,0.0,0.0,0.0,0.0,0.0,0.0,0.0
174.77150611,-36.78817389,4.0,1.0,1.0,0.0,1.0,17.0,0.0,0.0,0.0,0.0,0.0,0.0,0.0,0.0,0.0,0.0,0.0,0.0,0.0,0.0
174.75142833,-36.77868889,1.0,24.0,1.0,0.0,0.0,0.0,0.0,0.0,0.0,0.0,0.0,0.0,0.0,0.0,0.0,0.0,0.0,0.0,0.0,0.0
174.75034083,-36.78066,2.0,1.0,6.0,0.0,2.0,0.0,0.0,0.0,0.0,0.0,0.0,0.0,0.0,0.0,0.0,0.0,0.0,0.0,0.0,0.0
174.73551139,-36.69117333,27.0,4.0,0.0,0.0,0.0,0.0,0.0,0.0,0.0,0.0,0.0,0.0,0.0,0.0,0.0,0.0,0.0,0.0,0.0,0.0
174.79234,-36.81311583,10.0,8.0,1.0,0.0,2.0,9.0,3.0,0.0,0.0,0.0,0.0,0.0,0.0,0.0,0.0,0.0,0.0,0.0,0.0,0.0
174.79723,-36.82236167,0.0,9.0,5.0,0.0,4.0,4.0,11.0,0.0,0.0,0.0,0.0,0.0,0.0,0.0,0.0,0.0,0.0,0.0,0.0,0.0
174.80648,-36.82839861,0.0,7.0,6.0,0.0,9.0,2.0,7.0,0.0,0.0,0.0,0.0,0.0,0.0,0.0,0.0,0.0,0.0,0.0,0.0,0.0
174.79368,-36.81570667,0.0,2.0,5.0,0.0,13.0,2.0,16.0,0.0,0.0,0.0,0.0,0.0,0.0,0.0,0.0,0.0,0.0,0.0,0.0,0.0
174.80425,-36.82288389,0.0,1.0,3.0,0.0,2.0,15.0,7.0,0.0,0.0,0.0,0.0,0.0,0.0,0.0,0.0,0.0,0.0,0.0,0.0,0.0
174.80291,-36.82866583,0.0,1.0,2.0,0.0,20.0,8.0,11.0,0.0,0.0,0.0,0.0,0.0,0.0,0.0,0.0,0.0,0.0,0.0,0.0,0.0
174.80264,-36.82748083,0.0,5.0,4.0,0.0,3.0,10.0,1.0,0.0,0.0,0.0,0.0,0.0,0.0,0.0,0.0,0.0,0.0,0.0,0.0,0.0
174.80299,-36.82609583,0.0,1.0,13.0,0.0,6.0,6.0,4.0,0.0,0.0,0.0,0.0,0.0,0.0,0.0,0.0,0.0,0.0,0.0,0.0,0.0
174.80432,-36.82970556,0.0,10.0,9.0,0.0,4.0,7.0,21.0,0.0,0.0,0.0,0.0,0.0,0.0,0.0,0.0,0.0,0.0,0.0,0.0,0.0
174.80814,-36.82704583,0.0,1.0,2.0,0.0,11.0,1.0,12.0,0.0,0.0,0.0,0.0,0.0,0.0,0.0,0.0,0.0,0.0,0.0,0.0,0.0
174.80868,-36.82579278,0.0,4.0,11.0,0.0,11.0,4.0,11.0,0.0,0.0,0.0,0.0,0.0,0.0,0.0,0.0,0.0,0.0,0.0,0.0,0.0
174.80745,-36.82502083,0.0,2.0,1.0,0.0,1.0,9.0,3.0,0.0,0.0,0.0,0.0,0.0,0.0,0.0,0.0,0.0,0.0,0.0,0.0,0.0
174.80629,-36.82352583,0.0,7.0,4.0,0.0,9.0,2.0,2.0,0.0,0.0,0.0,0.0,0.0,0.0,0.0,0.0,0.0,0.0,0.0,0.0,0.0
174.79561,-36.80710278,8.0,2.0,9.0,0.0,2.0,3.0,0.0,0.0,0.0,0.0,0.0,0.0,0.0,0.0,0.0,0.0,0.0,0.0,0.0,0.0
174.69123,-36.72263306,4.0,11.0,9.0,0.0,0.0,0.0,0.0,0.0,0.0,0.0,0.0,0.0,0.0,0.0,0.0,0.0,0.0,0.0,0.0,0.0
174.74377,-36.73938889,10.0,4.0,1.0,0.0,0.0,0.0,0.0,0.0,0.0,0.0,0.0,0.0,0.0,0.0,0.0,0.0,0.0,0.0,0.0,0.0
174.69904167,-36.6825075,2.0,0.0,0.0,0.0,0.0,0.0,0.0,0.0,0.0,0.0,0.0,0.0,0.0,0.0,0.0,0.0,0.0,0.0,0.0,0.0
174.69120083,-36.74794611,1.0,7.0,5.0,0.0,0.0,0.0,0.0,0.0,0.0,0.0,0.0,0.0,0.0,0.0,0.0,0.0,0.0,0.0,0.0,0.0
174.72296,-36.72457583,7.0,3.0,4.0,0.0,0.0,0.0,0.0,0.0,0.0,0.0,0.0,0.0,0.0,0.0,0.0,0.0,0.0,0.0,0.0,0.0
174.74921861,-36.776115,11.0,4.0,28.0,0.0,0.0,0.0,0.0,0.0,0.0,0.0,0.0,0.0,0.0,0.0,0.0,0.0,0.0,0.0,0.0,0.0
174.75046,-36.7474,4.0,2.0,4.0,0.0,0.0,0.0,0.0,0.0,0.0,0.0,0.0,0.0,0.0,0.0,0.0,0.0,0.0,0.0,0.0,0.0
174.75422,-36.74287694,7.0,11.0,1.0,0.0,0.0,0.0,0.0,0.0,0.0,0.0,0.0,0.0,0.0,0.0,0.0,0.0,0.0,0.0,0.0,0.0
174.68702,-36.762735,34.0,1.0,11.0,0.0,0.0,0.0,0.0,0.0,0.0,0.0,0.0,0.0,0.0,0.0,0.0,0.0,0.0,0.0,0.0,0.0
174.71470083,-36.78012889,2.0,5.0,16.0,0.0,0.0,0.0,0.0,0.0,0.0,0.0,0.0,0.0,0.0,0.0,0.0,0.0,0.0,0.0,0.0,0.0
174.71481861,-36.81016528,3.0,9.0,12.0,0.0,4.0,14.0,3.0,0.0,20.0,0.0,0.0,0.0,0.0,0.0,0.0,0.0,0.0,0.0,0.0,0.0
174.69656056,-36.71210528,4.0,8.0,3.0,0.0,0.0,0.0,0.0,0.0,0.0,0.0,0.0,0.0,0.0,0.0,0.0,0.0,0.0,0.0,0.0,0.0
174.70085778,-36.79555778,9.0,3.0,2.0,0.0,0.0,0.0,0.0,0.0,0.0,0.0,0.0,0.0,0.0,0.0,0.0,0.0,0.0,0.0,0.0,0.0
174.69683861,-36.71208472,5.0,11.0,1.0,0.0,0.0,0.0,0.0,0.0,0.0,0.0,0.0,0.0,0.0,0.0,0.0,0.0,0.0,0.0,0.0,0.0
174.71458,-36.77561611,2.0,13.0,6.0,0.0,0.0,0.0,0.0,0.0,0.0,0.0,0.0,0.0,0.0,0.0,0.0,0.0,0.0,0.0,0.0,0.0
174.71487,-36.77885611,2.0,3.0,11.0,0.0,0.0,0.0,0.0,0.0,0.0,0.0,0.0,0.0,0.0,0.0,0.0,0.0,0.0,0.0,0.0,0.0
174.71142,-36.78269694,2.0,2.0,11.0,0.0,0.0,0.0,0.0,0.0,0.0,0.0,0.0,0.0,0.0,0.0,0.0,0.0,0.0,0.0,0.0,0.0
174.71198,-36.78924111,6.0,1.0,4.0,0.0,0.0,0.0,0.0,0.0,0.0,0.0,0.0,0.0,0.0,0.0,0.0,0.0,0.0,0.0,0.0,0.0
174.71365,-36.78971806,7.0,4.0,8.0,0.0,0.0,0.0,0.0,0.0,0.0,0.0,0.0,0.0,0.0,0.0,0.0,0.0,0.0,0.0,0.0,0.0
174.7174425,-36.78968083,9.0,1.0,9.0,0.0,5.0,0.0,0.0,0.0,0.0,0.0,0.0,0.0,0.0,0.0,0.0,0.0,0.0,0.0,0.0,0.0
174.72002,-36.78997611,3.0,14.0,9.0,0.0,1.0,0.0,0.0,0.0,0.0,0.0,0.0,0.0,0.0,0.0,0.0,0.0,0.0,0.0,0.0,0.0
174.74073,-36.78569306,1.0,4.0,4.0,0.0,8.0,0.0,0.0,0.0,0.0,0.0,0.0,0.0,0.0,0.0,0.0,0.0,0.0,0.0,0.0,0.0
174.7324,-36.78994806,12.0,1.0,2.0,0.0,2.0,0.0,0.0,0.0,0.0,0.0,0.0,0.0,0.0,0.0,0.0,0.0,0.0,0.0,0.0,0.0
174.73565,-36.76758778,1.0,4.0,1.0,0.0,0.0,0.0,0.0,0.0,0.0,0.0,0.0,0.0,0.0,0.0,0.0,0.0,0.0,0.0,0.0,0.0
174.7281,-36.782185,7.0,13.0,7.0,0.0,0.0,0.0,0.0,0.0,0.0,0.0,0.0,0.0,0.0,0.0,0.0,0.0,0.0,0.0,0.0,0.0
174.71556,-36.77499694,7.0,5.0,4.0,0.0,0.0,0.0,0.0,0.0,0.0,0.0,0.0,0.0,0.0,0.0,0.0,0.0,0.0,0.0,0.0,0.0
174.71496861,-36.77886694,7.0,3.0,1.0,0.0,0.0,0.0,0.0,0.0,0.0,0.0,0.0,0.0,0.0,0.0,0.0,0.0,0.0,0.0,0.0,0.0
174.71883,-36.78082889,8.0,9.0,7.0,0.0,0.0,0.0,0.0,0.0,0.0,0.0,0.0,0.0,0.0,0.0,0.0,0.0,0.0,0.0,0.0,0.0
174.71463,-36.77968,2.0,10.0,2.0,0.0,0.0,0.0,0.0,0.0,0.0,0.0,0.0,0.0,0.0,0.0,0.0,0.0,0.0,0.0,0.0,0.0
174.71322,-36.78478611,4.0,8.0,5.0,0.0,0.0,0.0,0.0,0.0,0.0,0.0,0.0,0.0,0.0,0.0,0.0,0.0,0.0,0.0,0.0,0.0
174.7112,-36.78532306,2.0,1.0,5.0,0.0,0.0,0.0,0.0,0.0,0.0,0.0,0.0,0.0,0.0,0.0,0.0,0.0,0.0,0.0,0.0,0.0
174.71155,-36.78684111,2.0,1.0,2.0,0.0,0.0,0.0,0.0,0.0,0.0,0.0,0.0,0.0,0.0,0.0,0.0,0.0,0.0,0.0,0.0,0.0
174.73992,-36.78516583,3.0,8.0,9.0,0.0,7.0,0.0,0.0,0.0,0.0,0.0,0.0,0.0,0.0,0.0,0.0,0.0,0.0,0.0,0.0,0.0
174.73256,-36.789855,32.0,20.0,3.0,0.0,2.0,0.0,0.0,0.0,0.0,0.0,0.0,0.0,0.0,0.0,0.0,0.0,0.0,0.0,0.0,0.0
174.73528,-36.81795806,3.0,1.0,4.0,0.0,3.0,7.0,1.0,0.0,9.0,0.0,0.0,0.0,0.0,0.0,0.0,0.0,0.0,0.0,0.0,0.0
174.7088,-36.82082806,2.0,5.0,12.0,0.0,5.0,8.0,3.0,0.0,16.0,0.0,0.0,0.0,0.0,0.0,0.0,0.0,0.0,0.0,0.0,0.0
174.70799,-36.81750611,4.0,3.0,1.0,0.0,2.0,5.0,1.0,0.0,2.0,0.0,0.0,0.0,0.0,0.0,0.0,0.0,0.0,0.0,0.0,0.0
174.71506,-36.79756389,5.0,4.0,6.0,0.0,7.0,0.0,7.0,0.0,0.0,0.0,0.0,0.0,0.0,0.0,0.0,0.0,0.0,0.0,0.0,0.0
174.70879,-36.79377111,3.0,12.0,2.0,0.0,2.0,0.0,0.0,0.0,0.0,0.0,0.0,0.0,0.0,0.0,0.0,0.0,0.0,0.0,0.0,0.0
174.74489,-36.81316889,14.0,15.0,5.0,0.0,1.0,8.0,15.0,0.0,3.0,0.0,0.0,0.0,0.0,0.0,0.0,0.0,0.0,0.0,0.0,0.0
174.74543,-36.81620694,2.0,3.0,1.0,0.0,3.0,15.0,12.0,0.0,13.0,0.0,0.0,0.0,0.0,0.0,0.0,0.0,0.0,0.0,0.0,0.0
174.74527,-36.81795806,14.0,8.0,5.0,0.0,5.0,1.0,1.0,0.0,10.0,0.0,0.0,0.0,0.0,0.0,0.0,0.0,0.0,0.0,0.0,0.0
174.74677,-36.81959194,1.0,2.0,1.0,0.0,3.0,9.0,5.0,0.0,12.0,0.0,0.0,0.0,0.0,0.0,0.0,0.0,0.0,0.0,0.0,0.0
174.74774,-36.82157694,4.0,3.0,1.0,0.0,7.0,1.0,16.0,0.0,6.0,0.0,0.0,0.0,0.0,0.0,0.0,0.0,0.0,0.0,0.0,0.0
174.74805,-36.823825,24.0,23.0,2.0,0.0,8.0,18.0,3.0,1.0,13.0,0.0,0.0,0.0,0.0,0.0,0.0,0.0,0.0,0.0,0.0,0.0
174.73943694,-36.74746194,14.0,7.0,1.0,0.0,0.0,0.0,0.0,0.0,0.0,0.0,0.0,0.0,0.0,0.0,0.0,0.0,0.0,0.0,0.0,0.0
174.70095,-36.79560917,7.0,7.0,2.0,0.0,0.0,0.0,0.0,0.0,0.0,0.0,0.0,0.0,0.0,0.0,0.0,0.0,0.0,0.0,0.0,0.0
174.73740722,-36.69206444,13.0,2.0,0.0,0.0,0.0,0.0,0.0,0.0,0.0,0.0,0.0,0.0,0.0,0.0,0.0,0.0,0.0,0.0,0.0,0.0
174.71349,-36.81209111,6.0,4.0,2.0,0.0,22.0,3.0,1.0,0.0,1.0,0.0,0.0,0.0,0.0,0.0,0.0,0.0,0.0,0.0,0.0,0.0
174.70985,-36.81651194,4.0,11.0,1.0,0.0,8.0,1.0,5.0,0.0,12.0,0.0,0.0,0.0,0.0,0.0,0.0,0.0,0.0,0.0,0.0,0.0
174.71187,-36.81888611,1.0,2.0,13.0,0.0,2.0,1.0,1.0,0.0,3.0,0.0,0.0,0.0,0.0,0.0,0.0,0.0,0.0,0.0,0.0,0.0
174.67717222,-36.71735444,8.0,13.0,3.0,0.0,0.0,0.0,0.0,0.0,0.0,0.0,0.0,0.0,0.0,0.0,0.0,0.0,0.0,0.0,0.0,0.0
174.74215,-36.69444889,4.0,8.0,11.0,0.0,0.0,0.0,0.0,0.0,0.0,0.0,0.0,0.0,0.0,0.0,0.0,0.0,0.0,0.0,0.0,0.0
174.74273,-36.76155083,5.0,3.0,3.0,0.0,0.0,0.0,0.0,0.0,0.0,0.0,0.0,0.0,0.0,0.0,0.0,0.0,0.0,0.0,0.0,0.0
174.69939861,-36.68260167,1.0,0.0,0.0,0.0,0.0,0.0,0.0,0.0,0.0,0.0,0.0,0.0,0.0,0.0,0.0,0.0,0.0,0.0,0.0,0.0
174.69638917,-36.73059083,13.0,4.0,7.0,0.0,0.0,0.0,0.0,0.0,0.0,0.0,0.0,0.0,0.0,0.0,0.0,0.0,0.0,0.0,0.0,0.0
174.72284,-36.72453306,1.0,4.0,6.0,0.0,0.0,0.0,0.0,0.0,0.0,0.0,0.0,0.0,0.0,0.0,0.0,0.0,0.0,0.0,0.0,0.0
174.74759,-36.74777194,3.0,2.0,2.0,0.0,0.0,0.0,0.0,0.0,0.0,0.0,0.0,0.0,0.0,0.0,0.0,0.0,0.0,0.0,0.0,0.0
174.75313,-36.74421083,6.0,1.0,18.0,0.0,0.0,0.0,0.0,0.0,0.0,0.0,0.0,0.0,0.0,0.0,0.0,0.0,0.0,0.0,0.0,0.0
174.75244083,-36.78316139,2.0,7.0,4.0,0.0,3.0,0.0,0.0,0.0,0.0,0.0,0.0,0.0,0.0,0.0,0.0,0.0,0.0,0.0,0.0,0.0
174.70992,-36.79430306,17.0,5.0,4.0,0.0,5.0,0.0,0.0,0.0,0.0,0.0,0.0,0.0,0.0,0.0,0.0,0.0,0.0,0.0,0.0,0.0
174.71549,-36.797765,1.0,1.0,8.0,0.0,3.0,0.0,1.0,0.0,0.0,0.0,0.0,0.0,0.0,0.0,0.0,0.0,0.0,0.0,0.0,0.0
174.72546,-36.70036194,2.0,4.0,3.0,0.0,0.0,0.0,0.0,0.0,0.0,0.0,0.0,0.0,0.0,0.0,0.0,0.0,0.0,0.0,0.0,0.0
174.7501875,-36.7784975,1.0,5.0,4.0,0.0,0.0,0.0,0.0,0.0,0.0,0.0,0.0,0.0,0.0,0.0,0.0,0.0,0.0,0.0,0.0,0.0
174.74996972,-36.7779175,2.0,8.0,4.0,0.0,0.0,0.0,0.0,0.0,0.0,0.0,0.0,0.0,0.0,0.0,0.0,0.0,0.0,0.0,0.0,0.0
174.71882,-36.76158694,5.0,6.0,3.0,0.0,0.0,0.0,0.0,0.0,0.0,0.0,0.0,0.0,0.0,0.0,0.0,0.0,0.0,0.0,0.0,0.0
174.71959167,-36.76169944,11.0,1.0,1.0,0.0,0.0,0.0,0.0,0.0,0.0,0.0,0.0,0.0,0.0,0.0,0.0,0.0,0.0,0.0,0.0,0.0
174.70425,-36.79415,8.0,2.0,7.0,0.0,0.0,0.0,0.0,0.0,0.0,0.0,0.0,0.0,0.0,0.0,0.0,0.0,0.0,0.0,0.0,0.0
174.68471,-36.75450722,3.0,2.0,7.0,0.0,0.0,0.0,0.0,0.0,0.0,0.0,0.0,0.0,0.0,0.0,0.0,0.0,0.0,0.0,0.0,0.0
174.68124,-36.76141111,2.0,2.0,2.0,0.0,0.0,0.0,0.0,0.0,0.0,0.0,0.0,0.0,0.0,0.0,0.0,0.0,0.0,0.0,0.0,0.0
174.68331,-36.75224806,6.0,4.0,2.0,0.0,0.0,0.0,0.0,0.0,0.0,0.0,0.0,0.0,0.0,0.0,0.0,0.0,0.0,0.0,0.0,0.0
174.6911,-36.75636111,37.0,6.0,2.0,0.0,0.0,0.0,0.0,0.0,0.0,0.0,0.0,0.0,0.0,0.0,0.0,0.0,0.0,0.0,0.0,0.0
174.72268,-36.79939694,14.0,3.0,7.0,0.0,3.0,1.0,11.0,0.0,0.0,0.0,0.0,0.0,0.0,0.0,0.0,0.0,0.0,0.0,0.0,0.0
174.69554528,-36.75963028,17.0,3.0,6.0,0.0,0.0,0.0,0.0,0.0,0.0,0.0,0.0,0.0,0.0,0.0,0.0,0.0,0.0,0.0,0.0,0.0
174.75493,-36.759945,2.0,5.0,5.0,0.0,0.0,0.0,0.0,0.0,0.0,0.0,0.0,0.0,0.0,0.0,0.0,0.0,0.0,0.0,0.0,0.0
174.72786,-36.71424,5.0,4.0,2.0,0.0,0.0,0.0,0.0,0.0,0.0,0.0,0.0,0.0,0.0,0.0,0.0,0.0,0.0,0.0,0.0,0.0
174.75484,-36.78716583,7.0,10.0,9.0,0.0,1.0,0.0,0.0,0.0,0.0,0.0,0.0,0.0,0.0,0.0,0.0,0.0,0.0,0.0,0.0,0.0
174.69123,-36.75636806,4.0,9.0,4.0,0.0,0.0,0.0,0.0,0.0,0.0,0.0,0.0,0.0,0.0,0.0,0.0,0.0,0.0,0.0,0.0,0.0
174.73645,-36.73776722,12.0,2.0,1.0,0.0,0.0,0.0,0.0,0.0,0.0,0.0,0.0,0.0,0.0,0.0,0.0,0.0,0.0,0.0,0.0,0.0
174.73348278,-36.80954833,4.0,3.0,3.0,0.0,1.0,5.0,3.0,0.0,5.0,0.0,0.0,0.0,0.0,0.0,0.0,0.0,0.0,0.0,0.0,0.0
174.75158,-36.76035194,11.0,4.0,12.0,0.0,0.0,0.0,0.0,0.0,0.0,0.0,0.0,0.0,0.0,0.0,0.0,0.0,0.0,0.0,0.0,0.0
174.69747,-36.75748611,12.0,8.0,3.0,0.0,0.0,0.0,0.0,0.0,0.0,0.0,0.0,0.0,0.0,0.0,0.0,0.0,0.0,0.0,0.0,0.0
174.69109111,-36.7368275,8.0,9.0,7.0,0.0,0.0,0.0,0.0,0.0,0.0,0.0,0.0,0.0,0.0,0.0,0.0,0.0,0.0,0.0,0.0,0.0
174.69335,-36.750755,12.0,18.0,11.0,0.0,0.0,0.0,0.0,0.0,0.0,0.0,0.0,0.0,0.0,0.0,0.0,0.0,0.0,0.0,0.0,0.0
174.79076028,-36.8043925,3.0,2.0,7.0,0.0,5.0,1.0,0.0,0.0,0.0,0.0,0.0,0.0,0.0,0.0,0.0,0.0,0.0,0.0,0.0,0.0
174.6955,-36.75418194,16.0,20.0,4.0,0.0,0.0,0.0,0.0,0.0,0.0,0.0,0.0,0.0,0.0,0.0,0.0,0.0,0.0,0.0,0.0,0.0
174.75982,-36.792005,11.0,1.0,3.0,0.0,15.0,6.0,0.0,0.0,0.0,0.0,0.0,0.0,0.0,0.0,0.0,0.0,0.0,0.0,0.0,0.0
174.74481083,-36.73467972,1.0,5.0,2.0,0.0,0.0,0.0,0.0,0.0,0.0,0.0,0.0,0.0,0.0,0.0,0.0,0.0,0.0,0.0,0.0,0.0
174.75451583,-36.76276778,15.0,2.0,7.0,0.0,0.0,0.0,0.0,0.0,0.0,0.0,0.0,0.0,0.0,0.0,0.0,0.0,0.0,0.0,0.0,0.0
174.70105,-36.79933917,2.0,6.0,2.0,0.0,1.0,0.0,10.0,0.0,0.0,0.0,0.0,0.0,0.0,0.0,0.0,0.0,0.0,0.0,0.0,0.0
174.6797,-36.72855611,2.0,1.0,3.0,0.0,0.0,0.0,0.0,0.0,0.0,0.0,0.0,0.0,0.0,0.0,0.0,0.0,0.0,0.0,0.0,0.0
174.73212472,-36.77973139,10.0,5.0,9.0,0.0,0.0,0.0,0.0,0.0,0.0,0.0,0.0,0.0,0.0,0.0,0.0,0.0,0.0,0.0,0.0,0.0
174.74495,-36.79906306,1.0,8.0,1.0,0.0,1.0,7.0,17.0,0.0,0.0,0.0,0.0,0.0,0.0,0.0,0.0,0.0,0.0,0.0,0.0,0.0
174.70961,-36.81187389,7.0,7.0,2.0,0.0,9.0,6.0,1.0,0.0,12.0,0.0,0.0,0.0,0.0,0.0,0.0,0.0,0.0,0.0,0.0,0.0
174.69183,-36.75115806,23.0,1.0,1.0,0.0,0.0,0.0,0.0,0.0,0.0,0.0,0.0,0.0,0.0,0.0,0.0,0.0,0.0,0.0,0.0,0.0
174.70802,-36.81481111,20.0,4.0,3.0,0.0,29.0,1.0,13.0,0.0,3.0,0.0,0.0,0.0,0.0,0.0,0.0,0.0,0.0,0.0,0.0,0.0
174.74665528,-36.74531639,2.0,4.0,1.0,0.0,0.0,0.0,0.0,0.0,0.0,0.0,0.0,0.0,0.0,0.0,0.0,0.0,0.0,0.0,0.0,0.0
174.73812361,-36.69130722,4.0,5.0,0.0,0.0,0.0,0.0,0.0,0.0,0.0,0.0,0.0,0.0,0.0,0.0,0.0,0.0,0.0,0.0,0.0,0.0
174.75737583,-36.77827,30.0,3.0,9.0,0.0,0.0,0.0,0.0,0.0,0.0,0.0,0.0,0.0,0.0,0.0,0.0,0.0,0.0,0.0,0.0,0.0
174.70708,-36.69337611,5.0,0.0,0.0,0.0,0.0,0.0,0.0,0.0,0.0,0.0,0.0,0.0,0.0,0.0,0.0,0.0,0.0,0.0,0.0,0.0
174.68721083,-36.6759875,8.0,0.0,0.0,0.0,0.0,0.0,0.0,0.0,0.0,0.0,0.0,0.0,0.0,0.0,0.0,0.0,0.0,0.0,0.0,0.0
174.70726111,-36.69344972,24.0,0.0,0.0,0.0,0.0,0.0,0.0,0.0,0.0,0.0,0.0,0.0,0.0,0.0,0.0,0.0,0.0,0.0,0.0,0.0
174.68655,-36.67516417,1.0,0.0,0.0,0.0,0.0,0.0,0.0,0.0,0.0,0.0,0.0,0.0,0.0,0.0,0.0,0.0,0.0,0.0,0.0,0.0
174.65405,-36.92679028,0.0,0.0,0.0,0.0,0.0,0.0,9.0,3.0,14.0,0.0,0.0,0.0,0.0,0.0,0.0,0.0,0.0,0.0,0.0,0.0
174.65188,-36.92548028,0.0,0.0,0.0,0.0,0.0,0.0,5.0,2.0,8.0,0.0,0.0,0.0,0.0,0.0,0.0,0.0,0.0,0.0,0.0,0.0
174.65976,-36.94536639,0.0,0.0,0.0,0.0,0.0,0.0,3.0,2.0,2.0,0.0,0.0,0.0,0.0,0.0,0.0,0.0,0.0,0.0,0.0,0.0
174.66013,-36.94726222,0.0,0.0,0.0,0.0,0.0,0.0,9.0,2.0,3.0,0.0,0.0,0.0,0.0,0.0,0.0,0.0,0.0,0.0,0.0,0.0
174.66064,-36.94749722,0.0,0.0,0.0,0.0,0.0,0.0,6.0,6.0,7.0,0.0,0.0,0.0,0.0,0.0,0.0,0.0,0.0,0.0,0.0,0.0
174.66317,-36.94972028,0.0,0.0,0.0,0.0,0.0,0.0,24.0,15.0,3.0,0.0,0.0,0.0,0.0,0.0,0.0,0.0,0.0,0.0,0.0,0.0
174.65614,-36.93998806,0.0,0.0,0.0,0.0,0.0,0.0,5.0,8.0,3.0,0.0,0.0,0.0,0.0,0.0,0.0,0.0,0.0,0.0,0.0,0.0
174.68206,-36.92421611,0.0,0.0,0.0,0.0,12.0,9.0,15.0,5.0,1.0,0.0,0.0,0.0,0.0,0.0,0.0,0.0,0.0,0.0,0.0,0.0
174.68211,-36.92303417,0.0,0.0,0.0,0.0,2.0,10.0,4.0,11.0,7.0,0.0,0.0,0.0,0.0,0.0,0.0,0.0,0.0,0.0,0.0,0.0
174.68283,-36.92086028,0.0,0.0,0.0,0.0,7.0,5.0,8.0,3.0,21.0,0.0,0.0,0.0,0.0,0.0,0.0,0.0,0.0,0.0,0.0,0.0
174.68382,-36.91849222,0.0,0.0,0.0,0.0,18.0,4.0,9.0,1.0,3.0,0.0,0.0,0.0,0.0,0.0,0.0,0.0,0.0,0.0,0.0,0.0
174.68438,-36.91715806,0.0,0.0,0.0,0.0,1.0,5.0,1.0,3.0,1.0,0.0,0.0,0.0,0.0,0.0,0.0,0.0,0.0,0.0,0.0,0.0
174.65491,-36.93817722,0.0,0.0,0.0,0.0,0.0,0.0,2.0,3.0,2.0,0.0,0.0,0.0,0.0,0.0,0.0,0.0,0.0,0.0,0.0,0.0
174.67573,-36.92658611,0.0,0.0,0.0,0.0,0.0,0.0,4.0,13.0,11.0,0.0,0.0,0.0,0.0,0.0,0.0,0.0,0.0,0.0,0.0,0.0
174.67813,-36.92643222,0.0,0.0,0.0,0.0,0.0,0.0,2.0,4.0,2.0,0.0,0.0,0.0,0.0,0.0,0.0,0.0,0.0,0.0,0.0,0.0
174.68021,-36.92601111,0.0,0.0,0.0,0.0,0.0,0.0,10.0,2.0,14.0,0.0,0.0,0.0,0.0,0.0,0.0,0.0,0.0,0.0,0.0,0.0
174.66959722,-36.93235389,0.0,0.0,0.0,0.0,0.0,0.0,6.0,2.0,5.0,0.0,0.0,0.0,0.0,0.0,0.0,0.0,0.0,0.0,0.0,0.0
174.64403,-36.89389528,0.0,0.0,0.0,0.0,0.0,0.0,5.0,3.0,17.0,0.0,0.0,0.0,0.0,0.0,0.0,0.0,0.0,0.0,0.0,0.0
174.58554,-36.92010028,0.0,0.0,0.0,0.0,0.0,0.0,0.0,0.0,15.0,0.0,0.0,0.0,0.0,0.0,0.0,0.0,0.0,0.0,0.0,0.0
174.58818,-36.9177175,0.0,0.0,0.0,0.0,0.0,0.0,0.0,0.0,5.0,0.0,0.0,0.0,0.0,0.0,0.0,0.0,0.0,0.0,0.0,0.0
174.60203,-36.9148325,0.0,0.0,0.0,0.0,0.0,0.0,0.0,0.0,2.0,0.0,0.0,0.0,0.0,0.0,0.0,0.0,0.0,0.0,0.0,0.0
174.60184,-36.91490722,0.0,0.0,0.0,0.0,0.0,0.0,0.0,0.0,1.0,0.0,0.0,0.0,0.0,0.0,0.0,0.0,0.0,0.0,0.0,0.0
174.6052,-36.91319833,0.0,0.0,0.0,0.0,0.0,0.0,0.0,0.0,3.0,0.0,0.0,0.0,0.0,0.0,0.0,0.0,0.0,0.0,0.0,0.0
174.60913,-36.90949833,0.0,0.0,0.0,0.0,0.0,0.0,0.0,0.0,1.0,0.0,0.0,0.0,0.0,0.0,0.0,0.0,0.0,0.0,0.0,0.0
174.60666,-36.9118875,0.0,0.0,0.0,0.0,0.0,0.0,0.0,0.0,5.0,0.0,0.0,0.0,0.0,0.0,0.0,0.0,0.0,0.0,0.0,0.0
174.6108,-36.90520944,0.0,0.0,0.0,0.0,0.0,0.0,0.0,0.0,5.0,0.0,0.0,0.0,0.0,0.0,0.0,0.0,0.0,0.0,0.0,0.0
174.61262667,-36.90347667,0.0,0.0,0.0,0.0,0.0,0.0,0.0,0.0,5.0,0.0,0.0,0.0,0.0,0.0,0.0,0.0,0.0,0.0,0.0,0.0
174.60888,-36.90918639,0.0,0.0,0.0,0.0,0.0,0.0,0.0,0.0,3.0,0.0,0.0,0.0,0.0,0.0,0.0,0.0,0.0,0.0,0.0,0.0
174.61498,-36.9005775,0.0,0.0,0.0,0.0,0.0,0.0,1.0,0.0,9.0,0.0,0.0,0.0,0.0,0.0,0.0,0.0,0.0,0.0,0.0,0.0
174.61255,-36.90323639,0.0,0.0,0.0,0.0,0.0,0.0,0.0,0.0,6.0,0.0,0.0,0.0,0.0,0.0,0.0,0.0,0.0,0.0,0.0,0.0
174.64416,-36.89383917,0.0,0.0,0.0,0.0,0.0,0.0,16.0,13.0,1.0,0.0,0.0,0.0,0.0,0.0,0.0,0.0,0.0,0.0,0.0,0.0
174.63997,-36.90876528,0.0,0.0,0.0,0.0,0.0,0.0,2.0,8.0,3.0,0.0,0.0,0.0,0.0,0.0,0.0,0.0,0.0,0.0,0.0,0.0
174.63748389,-36.90899222,0.0,0.0,0.0,0.0,0.0,0.0,9.0,5.0,16.0,0.0,0.0,0.0,0.0,0.0,0.0,0.0,0.0,0.0,0.0,0.0
174.62462,-36.90949722,0.0,0.0,0.0,0.0,0.0,0.0,7.0,0.0,12.0,0.0,0.0,0.0,0.0,0.0,0.0,0.0,0.0,0.0,0.0,0.0
174.62076,-36.91192639,0.0,0.0,0.0,0.0,0.0,0.0,1.0,0.0,4.0,0.0,0.0,0.0,0.0,0.0,0.0,0.0,0.0,0.0,0.0,0.0
174.62052444,-36.9122125,0.0,0.0,0.0,0.0,0.0,0.0,7.0,0.0,1.0,0.0,0.0,0.0,0.0,0.0,0.0,0.0,0.0,0.0,0.0,0.0
174.615,-36.91570833,0.0,0.0,0.0,0.0,0.0,0.0,0.0,0.0,6.0,0.0,0.0,0.0,0.0,0.0,0.0,0.0,0.0,0.0,0.0,0.0
174.61138,-36.91909833,0.0,0.0,0.0,0.0,0.0,0.0,0.0,0.0,22.0,0.0,0.0,0.0,0.0,0.0,0.0,0.0,0.0,0.0,0.0,0.0
174.60793,-36.91851944,0.0,0.0,0.0,0.0,0.0,0.0,0.0,0.0,1.0,0.0,0.0,0.0,0.0,0.0,0.0,0.0,0.0,0.0,0.0,0.0
174.60254,-36.92236833,0.0,0.0,0.0,0.0,0.0,0.0,0.0,0.0,1.0,0.0,0.0,0.0,0.0,0.0,0.0,0.0,0.0,0.0,0.0,0.0
174.59975,-36.92377139,0.0,0.0,0.0,0.0,0.0,0.0,0.0,0.0,5.0,0.0,0.0,0.0,0.0,0.0,0.0,0.0,0.0,0.0,0.0,0.0
174.65633,-36.91213528,0.0,0.0,0.0,0.0,0.0,0.0,2.0,5.0,1.0,0.0,0.0,0.0,0.0,0.0,0.0,0.0,0.0,0.0,0.0,0.0
174.59814528,-36.92570222,0.0,0.0,0.0,0.0,0.0,0.0,0.0,0.0,2.0,0.0,0.0,0.0,0.0,0.0,0.0,0.0,0.0,0.0,0.0,0.0
174.59436611,-36.92839694,0.0,0.0,0.0,0.0,0.0,0.0,0.0,0.0,1.0,0.0,0.0,0.0,0.0,0.0,0.0,0.0,0.0,0.0,0.0,0.0
174.63982,-36.90889417,0.0,0.0,0.0,0.0,0.0,0.0,23.0,4.0,1.0,0.0,0.0,0.0,0.0,0.0,0.0,0.0,0.0,0.0,0.0,0.0
174.5927525,-36.93045167,0.0,0.0,0.0,0.0,0.0,0.0,0.0,0.0,2.0,0.0,0.0,0.0,0.0,0.0,0.0,0.0,0.0,0.0,0.0,0.0
174.6364,-36.90924417,0.0,0.0,0.0,0.0,0.0,0.0,3.0,2.0,2.0,0.0,0.0,0.0,0.0,0.0,0.0,0.0,0.0,0.0,0.0,0.0
174.62729,-36.90850028,0.0,0.0,0.0,0.0,0.0,0.0,1.0,0.0,8.0,0.0,0.0,0.0,0.0,0.0,0.0,0.0,0.0,0.0,0.0,0.0
174.62457,-36.90960528,0.0,0.0,0.0,0.0,0.0,0.0,35.0,0.0,2.0,0.0,0.0,0.0,0.0,0.0,0.0,0.0,0.0,0.0,0.0,0.0
174.61740333,-36.91338333,0.0,0.0,0.0,0.0,0.0,0.0,0.0,0.0,3.0,0.0,0.0,0.0,0.0,0.0,0.0,0.0,0.0,0.0,0.0,0.0
174.61418833,-36.91710833,0.0,0.0,0.0,0.0,0.0,0.0,0.0,0.0,5.0,0.0,0.0,0.0,0.0,0.0,0.0,0.0,0.0,0.0,0.0,0.0
174.60767333,-36.91863833,0.0,0.0,0.0,0.0,0.0,0.0,0.0,0.0,14.0,0.0,0.0,0.0,0.0,0.0,0.0,0.0,0.0,0.0,0.0,0.0
174.60244,-36.92247833,0.0,0.0,0.0,0.0,0.0,0.0,0.0,0.0,2.0,0.0,0.0,0.0,0.0,0.0,0.0,0.0,0.0,0.0,0.0,0.0
174.5995675,-36.92410778,0.0,0.0,0.0,0.0,0.0,0.0,0.0,0.0,3.0,0.0,0.0,0.0,0.0,0.0,0.0,0.0,0.0,0.0,0.0,0.0
174.59821,-36.92582222,0.0,0.0,0.0,0.0,0.0,0.0,0.0,0.0,4.0,0.0,0.0,0.0,0.0,0.0,0.0,0.0,0.0,0.0,0.0,0.0
174.59425,-36.92869333,0.0,0.0,0.0,0.0,0.0,0.0,0.0,0.0,19.0,0.0,0.0,0.0,0.0,0.0,0.0,0.0,0.0,0.0,0.0,0.0
174.5925,-36.93072056,0.0,0.0,0.0,0.0,0.0,0.0,0.0,0.0,3.0,0.0,0.0,0.0,0.0,0.0,0.0,0.0,0.0,0.0,0.0,0.0
174.64937,-36.92369028,0.0,0.0,0.0,0.0,0.0,0.0,5.0,6.0,30.0,0.0,0.0,0.0,0.0,0.0,0.0,0.0,0.0,0.0,0.0,0.0
174.64925556,-36.91965111,0.0,0.0,0.0,0.0,0.0,0.0,13.0,5.0,5.0,0.0,0.0,0.0,0.0,0.0,0.0,0.0,0.0,0.0,0.0,0.0
174.65077,-36.89590028,0.0,0.0,0.0,0.0,0.0,0.0,23.0,4.0,2.0,0.0,0.0,0.0,0.0,0.0,0.0,0.0,0.0,0.0,0.0,0.0
174.65314,-36.89238417,0.0,0.0,0.0,0.0,0.0,0.0,12.0,1.0,1.0,0.0,0.0,0.0,0.0,0.0,0.0,0.0,0.0,0.0,0.0,0.0
174.61218,-36.83098722,0.0,0.0,0.0,0.0,0.0,0.0,0.0,0.0,10.0,0.0,0.0,0.0,0.0,0.0,0.0,0.0,0.0,0.0,0.0,0.0
174.62187,-36.83310222,0.0,0.0,0.0,0.0,0.0,0.0,0.0,0.0,1.0,0.0,0.0,0.0,0.0,0.0,0.0,0.0,0.0,0.0,0.0,0.0
174.62524,-36.83351028,0.0,0.0,0.0,0.0,0.0,0.0,0.0,0.0,6.0,0.0,0.0,0.0,0.0,0.0,0.0,0.0,0.0,0.0,0.0,0.0
174.62729,-36.83265944,0.0,0.0,0.0,0.0,0.0,0.0,0.0,0.0,4.0,0.0,0.0,0.0,0.0,0.0,0.0,0.0,0.0,0.0,0.0,0.0
174.6306,-36.83194139,0.0,0.0,0.0,0.0,0.0,0.0,0.0,0.0,5.0,0.0,0.0,0.0,0.0,0.0,0.0,0.0,0.0,0.0,0.0,0.0
174.609,-36.84460028,0.0,0.0,0.0,0.0,0.0,0.0,0.0,0.0,3.0,0.0,0.0,0.0,0.0,0.0,0.0,0.0,0.0,0.0,0.0,0.0
174.60725611,-36.83623222,0.0,0.0,0.0,0.0,0.0,0.0,0.0,0.0,5.0,0.0,0.0,0.0,0.0,0.0,0.0,0.0,0.0,0.0,0.0,0.0
174.60393,-36.8350875,0.0,0.0,0.0,0.0,0.0,0.0,0.0,0.0,15.0,0.0,0.0,0.0,0.0,0.0,0.0,0.0,0.0,0.0,0.0,0.0
174.62408,-36.82630028,0.0,0.0,0.0,0.0,0.0,0.0,0.0,0.0,12.0,0.0,0.0,0.0,0.0,0.0,0.0,0.0,0.0,0.0,0.0,0.0
174.62488,-36.82375528,0.0,0.0,0.0,0.0,0.0,0.0,0.0,0.0,3.0,0.0,0.0,0.0,0.0,0.0,0.0,0.0,0.0,0.0,0.0,0.0
174.62185,-36.83121917,0.0,0.0,0.0,0.0,0.0,0.0,0.0,0.0,6.0,0.0,0.0,0.0,0.0,0.0,0.0,0.0,0.0,0.0,0.0,0.0
174.62385,-36.82651028,0.0,0.0,0.0,0.0,0.0,0.0,0.0,0.0,2.0,0.0,0.0,0.0,0.0,0.0,0.0,0.0,0.0,0.0,0.0,0.0
174.62479,-36.82363917,0.0,0.0,0.0,0.0,0.0,0.0,0.0,0.0,6.0,0.0,0.0,0.0,0.0,0.0,0.0,0.0,0.0,0.0,0.0,0.0
174.62893,-36.81788917,0.0,0.0,0.0,0.0,0.0,0.0,0.0,0.0,8.0,0.0,0.0,0.0,0.0,0.0,0.0,0.0,0.0,0.0,0.0,0.0
174.62834,-36.81705028,0.0,0.0,0.0,0.0,0.0,0.0,0.0,0.0,1.0,0.0,0.0,0.0,0.0,0.0,0.0,0.0,0.0,0.0,0.0,0.0
174.62087,-36.86893444,0.0,0.0,0.0,0.0,0.0,0.0,1.0,0.0,1.0,0.0,0.0,0.0,0.0,0.0,0.0,0.0,0.0,0.0,0.0,0.0
174.62196,-36.86088722,0.0,0.0,0.0,0.0,0.0,0.0,12.0,0.0,6.0,0.0,0.0,0.0,0.0,0.0,0.0,0.0,0.0,0.0,0.0,0.0
174.62237,-36.85785222,0.0,0.0,0.0,0.0,0.0,0.0,1.0,0.0,2.0,0.0,0.0,0.0,0.0,0.0,0.0,0.0,0.0,0.0,0.0,0.0
174.62194861,-36.86034667,0.0,0.0,0.0,0.0,0.0,0.0,2.0,0.0,6.0,0.0,0.0,0.0,0.0,0.0,0.0,0.0,0.0,0.0,0.0,0.0
174.62231778,-36.85748222,0.0,0.0,0.0,0.0,0.0,0.0,4.0,0.0,4.0,0.0,0.0,0.0,0.0,0.0,0.0,0.0,0.0,0.0,0.0,0.0
174.64392,-36.78258028,7.0,12.0,2.0,0.0,0.0,0.0,0.0,0.0,0.0,0.0,0.0,0.0,0.0,0.0,0.0,0.0,0.0,0.0,0.0,0.0
174.59322,-36.91702028,0.0,0.0,0.0,0.0,0.0,0.0,0.0,0.0,2.0,0.0,0.0,0.0,0.0,0.0,0.0,0.0,0.0,0.0,0.0,0.0
174.59414,-36.91688056,0.0,0.0,0.0,0.0,0.0,0.0,0.0,0.0,1.0,0.0,0.0,0.0,0.0,0.0,0.0,0.0,0.0,0.0,0.0,0.0
174.62411,-36.82775028,0.0,0.0,0.0,0.0,0.0,0.0,0.0,0.0,4.0,0.0,0.0,0.0,0.0,0.0,0.0,0.0,0.0,0.0,0.0,0.0
174.65984,-36.94537417,0.0,0.0,0.0,0.0,0.0,0.0,4.0,2.0,7.0,0.0,0.0,0.0,0.0,0.0,0.0,0.0,0.0,0.0,0.0,0.0
174.62122111,-36.91341667,0.0,0.0,0.0,0.0,0.0,0.0,2.0,0.0,1.0,0.0,0.0,0.0,0.0,0.0,0.0,0.0,0.0,0.0,0.0,0.0
174.60447,-36.92097833,0.0,0.0,0.0,0.0,0.0,0.0,0.0,0.0,1.0,0.0,0.0,0.0,0.0,0.0,0.0,0.0,0.0,0.0,0.0,0.0
174.64696,-36.85061639,0.0,0.0,0.0,0.0,0.0,0.0,2.0,0.0,10.0,0.0,0.0,0.0,0.0,0.0,0.0,0.0,0.0,0.0,0.0,0.0
174.69363083,-36.91910222,0.0,0.0,0.0,0.0,1.0,4.0,7.0,2.0,1.0,0.0,0.0,0.0,0.0,0.0,0.0,0.0,0.0,0.0,0.0,0.0
174.68907,-36.89058611,0.0,0.0,0.0,0.0,1.0,2.0,1.0,2.0,15.0,0.0,0.0,0.0,0.0,0.0,0.0,0.0,0.0,0.0,0.0,0.0
174.6046,-36.92068833,0.0,0.0,0.0,0.0,0.0,0.0,0.0,0.0,1.0,0.0,0.0,0.0,0.0,0.0,0.0,0.0,0.0,0.0,0.0,0.0
174.62298,-36.86672028,0.0,0.0,0.0,0.0,0.0,0.0,1.0,0.0,7.0,0.0,0.0,0.0,0.0,0.0,0.0,0.0,0.0,0.0,0.0,0.0
174.92526,-36.91778917,0.0,0.0,0.0,17.0,0.0,0.0,0.0,0.0,0.0,3.0,4.0,6.0,0.0,0.0,0.0,0.0,0.0,0.0,0.0,0.0
174.89411,-36.98260528,0.0,0.0,0.0,0.0,0.0,0.0,0.0,0.0,0.0,2.0,3.0,35.0,2.0,0.0,0.0,0.0,0.0,0.0,0.0,0.0
174.88916,-36.91601139,0.0,0.0,0.0,3.0,0.0,0.0,0.0,0.0,0.0,11.0,1.0,5.0,0.0,0.0,0.0,0.0,0.0,0.0,0.0,0.0
174.88847,-36.91733028,0.0,0.0,0.0,26.0,0.0,0.0,0.0,0.0,0.0,1.0,1.0,10.0,0.0,0.0,0.0,0.0,0.0,0.0,0.0,0.0
174.88772,-36.92114722,0.0,0.0,0.0,6.0,0.0,0.0,0.0,0.0,0.0,1.0,3.0,19.0,0.0,0.0,0.0,0.0,0.0,0.0,0.0,0.0
174.88777,-36.92045222,0.0,0.0,0.0,3.0,0.0,0.0,0.0,0.0,0.0,2.0,2.0,11.0,0.0,0.0,0.0,0.0,0.0,0.0,0.0,0.0
174.88602,-36.92283528,0.0,0.0,0.0,4.0,0.0,0.0,0.0,0.0,0.0,26.0,3.0,7.0,2.0,0.0,0.0,0.0,0.0,0.0,0.0,0.0
174.88583,-36.9228475,0.0,0.0,0.0,19.0,0.0,0.0,0.0,0.0,0.0,11.0,1.0,1.0,6.0,0.0,0.0,0.0,0.0,0.0,0.0,0.0
174.89889,-36.91242444,0.0,0.0,0.0,5.0,0.0,0.0,0.0,0.0,0.0,1.0,1.0,6.0,0.0,0.0,0.0,0.0,0.0,0.0,0.0,0.0
174.86421,-37.0224325,0.0,0.0,0.0,0.0,0.0,0.0,0.0,0.0,0.0,0.0,0.0,0.0,1.0,0.0,0.0,9.0,19.0,9.0,34.0,4.0
174.86026,-37.02832361,0.0,0.0,0.0,0.0,0.0,0.0,0.0,0.0,0.0,0.0,0.0,0.0,1.0,0.0,0.0,1.0,17.0,24.0,6.0,72.0
174.92244,-36.92683528,0.0,0.0,0.0,2.0,0.0,0.0,0.0,0.0,0.0,3.0,2.0,2.0,0.0,0.0,0.0,0.0,0.0,0.0,0.0,0.0
174.90083028,-36.92409083,0.0,0.0,0.0,3.0,0.0,0.0,0.0,0.0,0.0,5.0,4.0,27.0,1.0,0.0,0.0,0.0,0.0,0.0,0.0,0.0
174.89801139,-36.92164139,0.0,0.0,0.0,5.0,0.0,0.0,0.0,0.0,0.0,2.0,6.0,1.0,0.0,0.0,0.0,0.0,0.0,0.0,0.0,0.0
174.89407,-36.92029722,0.0,0.0,0.0,9.0,0.0,0.0,0.0,0.0,0.0,3.0,6.0,17.0,0.0,0.0,0.0,0.0,0.0,0.0,0.0,0.0
174.89455889,-36.92587528,0.0,0.0,0.0,4.0,0.0,0.0,0.0,0.0,0.0,2.0,2.0,8.0,3.0,0.0,0.0,0.0,0.0,0.0,0.0,0.0
174.91567,-36.90547639,0.0,0.0,0.0,5.0,0.0,0.0,0.0,0.0,0.0,3.0,1.0,2.0,0.0,0.0,0.0,0.0,0.0,0.0,0.0,0.0
174.90884361,-36.91990556,0.0,0.0,0.0,4.0,0.0,0.0,0.0,0.0,0.0,2.0,4.0,12.0,0.0,0.0,0.0,0.0,0.0,0.0,0.0,0.0
174.90873,-36.92553639,0.0,0.0,0.0,1.0,0.0,0.0,0.0,0.0,0.0,1.0,4.0,4.0,10.0,0.0,0.0,0.0,0.0,0.0,0.0,0.0
174.92402194,-36.90726194,0.0,0.0,0.0,10.0,0.0,0.0,0.0,0.0,0.0,4.0,2.0,10.0,0.0,0.0,0.0,0.0,0.0,0.0,0.0,0.0
174.938315,-36.90429111,0.0,0.0,0.0,2.0,0.0,0.0,0.0,0.0,0.0,5.0,1.0,26.0,0.0,0.0,0.0,0.0,0.0,0.0,0.0,0.0
174.88923167,-36.95398611,0.0,0.0,0.0,8.0,0.0,0.0,0.0,0.0,0.0,7.0,1.0,2.0,4.0,0.0,0.0,0.0,0.0,0.0,0.0,0.0
174.86966,-36.95804639,0.0,0.0,0.0,21.0,0.0,0.0,0.0,0.0,0.0,1.0,5.0,1.0,6.0,0.0,0.0,0.0,0.0,0.0,0.0,0.0
174.87002,-36.95818444,0.0,0.0,0.0,12.0,0.0,0.0,0.0,0.0,0.0,4.0,9.0,11.0,25.0,0.0,0.0,0.0,0.0,0.0,0.0,0.0
174.84308,-36.98686944,0.0,0.0,0.0,0.0,0.0,0.0,0.0,0.0,0.0,0.0,4.0,0.0,18.0,0.0,0.0,0.0,0.0,0.0,0.0,0.0
174.84695361,-36.9897475,0.0,0.0,0.0,0.0,0.0,0.0,0.0,0.0,0.0,0.0,9.0,0.0,1.0,0.0,0.0,0.0,0.0,0.0,0.0,0.0
174.84365,-36.98996056,0.0,0.0,0.0,0.0,0.0,0.0,0.0,0.0,0.0,0.0,1.0,0.0,2.0,0.0,0.0,0.0,0.0,0.0,0.0,0.0
174.84302,-36.9868075,0.0,0.0,0.0,0.0,0.0,0.0,0.0,0.0,0.0,0.0,4.0,0.0,1.0,0.0,0.0,0.0,0.0,0.0,0.0,0.0
174.84369,-36.98989667,0.0,0.0,0.0,0.0,0.0,0.0,0.0,0.0,0.0,0.0,5.0,0.0,4.0,0.0,0.0,0.0,0.0,0.0,0.0,0.0
174.85141,-36.97611861,0.0,0.0,0.0,0.0,0.0,0.0,0.0,0.0,0.0,9.0,3.0,0.0,8.0,0.0,0.0,0.0,0.0,0.0,0.0,0.0
174.85089083,-36.97384889,0.0,0.0,0.0,0.0,0.0,0.0,0.0,0.0,0.0,15.0,5.0,0.0,11.0,0.0,0.0,0.0,0.0,0.0,0.0,0.0
174.85661,-36.97391944,0.0,0.0,0.0,0.0,0.0,0.0,0.0,0.0,0.0,5.0,2.0,0.0,1.0,0.0,0.0,0.0,0.0,0.0,0.0,0.0
174.85141,-36.97640667,0.0,0.0,0.0,0.0,0.0,0.0,0.0,0.0,0.0,8.0,11.0,0.0,7.0,0.0,0.0,0.0,0.0,0.0,0.0,0.0
174.83803,-36.96106056,0.0,0.0,0.0,0.0,0.0,0.0,0.0,5.0,0.0,1.0,1.0,0.0,4.0,0.0,0.0,0.0,0.0,0.0,0.0,0.0
174.85108,-36.97388861,0.0,0.0,0.0,0.0,0.0,0.0,0.0,0.0,0.0,2.0,1.0,0.0,3.0,0.0,0.0,0.0,0.0,0.0,0.0,0.0
174.86765,-36.9857525,0.0,0.0,0.0,0.0,0.0,0.0,0.0,0.0,0.0,0.0,4.0,0.0,2.0,0.0,0.0,0.0,0.0,0.0,0.0,0.0
174.86671778,-36.98528444,0.0,0.0,0.0,0.0,0.0,0.0,0.0,0.0,0.0,0.0,3.0,0.0,5.0,0.0,0.0,0.0,0.0,0.0,0.0,0.0
174.86588,-36.9856575,0.0,0.0,0.0,0.0,0.0,0.0,0.0,0.0,0.0,0.0,3.0,0.0,1.0,0.0,0.0,0.0,0.0,0.0,0.0,0.0
174.86316,-36.9864975,0.0,0.0,0.0,0.0,0.0,0.0,0.0,0.0,0.0,0.0,1.0,0.0,7.0,0.0,0.0,0.0,0.0,0.0,0.0,0.0
174.86432,-36.9861975,0.0,0.0,0.0,0.0,0.0,0.0,0.0,0.0,0.0,0.0,4.0,0.0,2.0,0.0,0.0,0.0,0.0,0.0,0.0,0.0
174.81414,-36.96291778,0.0,0.0,0.0,0.0,0.0,0.0,0.0,5.0,0.0,0.0,16.0,0.0,8.0,0.0,0.0,0.0,0.0,0.0,0.0,0.0
174.81381,-36.96152556,0.0,0.0,0.0,0.0,0.0,0.0,0.0,19.0,0.0,0.0,5.0,0.0,7.0,0.0,0.0,0.0,0.0,0.0,0.0,0.0
174.81891222,-36.96705694,0.0,0.0,0.0,0.0,0.0,0.0,0.0,2.0,0.0,0.0,1.0,0.0,12.0,0.0,0.0,0.0,0.0,0.0,0.0,0.0
174.83018,-36.97356056,0.0,0.0,0.0,0.0,0.0,0.0,0.0,0.0,0.0,0.0,7.0,0.0,3.0,0.0,0.0,0.0,0.0,0.0,0.0,0.0
174.79344639,-36.95476444,0.0,0.0,0.0,0.0,1.0,10.0,4.0,9.0,0.0,0.0,6.0,0.0,0.0,0.0,0.0,0.0,0.0,0.0,0.0,0.0
174.79376,-36.95534583,0.0,0.0,0.0,0.0,12.0,1.0,5.0,2.0,0.0,0.0,2.0,0.0,0.0,0.0,0.0,0.0,0.0,0.0,0.0,0.0
174.79494,-36.95722778,0.0,0.0,0.0,0.0,0.0,2.0,0.0,4.0,0.0,0.0,5.0,0.0,1.0,0.0,0.0,0.0,0.0,0.0,0.0,0.0
174.79355,-36.96077472,0.0,0.0,0.0,0.0,0.0,7.0,0.0,2.0,0.0,0.0,4.0,0.0,16.0,0.0,0.0,0.0,0.0,0.0,0.0,0.0
174.7938,-36.96057278,0.0,0.0,0.0,0.0,0.0,4.0,0.0,7.0,0.0,0.0,4.0,0.0,8.0,0.0,0.0,0.0,0.0,0.0,0.0,0.0
174.81324,-36.96834972,0.0,0.0,0.0,0.0,0.0,0.0,0.0,7.0,0.0,0.0,5.0,0.0,8.0,0.0,0.0,0.0,0.0,0.0,0.0,0.0
174.81524,-36.96603556,0.0,0.0,0.0,0.0,0.0,0.0,0.0,3.0,0.0,0.0,2.0,0.0,5.0,0.0,0.0,0.0,0.0,0.0,0.0,0.0
174.80461,-36.97670583,0.0,0.0,0.0,0.0,0.0,0.0,0.0,7.0,0.0,0.0,1.0,0.0,8.0,0.0,0.0,0.0,0.0,0.0,0.0,0.0
174.7946,-36.94374972,0.0,0.0,0.0,0.0,3.0,9.0,2.0,2.0,0.0,0.0,5.0,0.0,0.0,0.0,0.0,0.0,0.0,0.0,0.0,0.0
174.79579,-36.94740778,0.0,0.0,0.0,0.0,1.0,6.0,1.0,3.0,0.0,0.0,1.0,0.0,0.0,0.0,0.0,0.0,0.0,0.0,0.0,0.0
174.79678,-36.94949972,0.0,0.0,0.0,0.0,5.0,4.0,7.0,2.0,0.0,0.0,4.0,0.0,0.0,0.0,0.0,0.0,0.0,0.0,0.0,0.0
174.79782,-36.95193361,0.0,0.0,0.0,0.0,6.0,10.0,1.0,8.0,0.0,0.0,5.0,0.0,1.0,0.0,0.0,0.0,0.0,0.0,0.0,0.0
174.88833,-36.91828833,0.0,0.0,0.0,3.0,0.0,0.0,0.0,0.0,0.0,2.0,1.0,5.0,0.0,0.0,0.0,0.0,0.0,0.0,0.0,0.0
174.87632,-37.03134444,0.0,0.0,0.0,0.0,0.0,0.0,0.0,0.0,0.0,0.0,0.0,0.0,7.0,89.0,24.0,12.0,33.0,7.0,13.0,26.0
174.88106,-37.05137056,0.0,0.0,0.0,0.0,0.0,0.0,0.0,0.0,0.0,0.0,0.0,0.0,6.0,10.0,6.0,1.0,30.0,10.0,24.0,6.0
174.88531,-37.02925944,0.0,0.0,0.0,0.0,0.0,0.0,0.0,0.0,0.0,0.0,0.0,0.0,12.0,23.0,27.0,6.0,4.0,21.0,4.0,16.0
174.88678,-37.03188333,0.0,0.0,0.0,0.0,0.0,0.0,0.0,0.0,0.0,0.0,0.0,0.0,2.0,16.0,62.0,23.0,2.0,19.0,32.0,22.0
174.88827833,-37.03425194,0.0,0.0,0.0,0.0,0.0,0.0,0.0,0.0,0.0,0.0,0.0,0.0,8.0,21.0,13.0,51.0,14.0,71.0,37.0,5.0
174.88877,-37.01850056,0.0,0.0,0.0,0.0,0.0,0.0,0.0,0.0,0.0,0.0,0.0,0.0,10.0,13.0,11.0,19.0,15.0,3.0,8.0,1.0
174.88479,-37.01659528,0.0,0.0,0.0,0.0,0.0,0.0,0.0,0.0,0.0,0.0,0.0,0.0,2.0,1.0,10.0,34.0,35.0,29.0,18.0,63.0
174.88085,-37.01469944,0.0,0.0,0.0,0.0,0.0,0.0,0.0,0.0,0.0,0.0,0.0,0.0,2.0,7.0,3.0,26.0,40.0,14.0,25.0,14.0
174.86502,-37.02742139,0.0,0.0,0.0,0.0,0.0,0.0,0.0,0.0,0.0,0.0,0.0,0.0,9.0,6.0,0.0,63.0,52.0,12.0,29.0,28.0
174.86018,-37.02828861,0.0,0.0,0.0,0.0,0.0,0.0,0.0,0.0,0.0,0.0,0.0,0.0,6.0,0.0,0.0,7.0,4.0,8.0,22.0,32.0
174.86411,-37.02147056,0.0,0.0,0.0,0.0,0.0,0.0,0.0,0.0,0.0,0.0,0.0,0.0,2.0,0.0,0.0,39.0,2.0,31.0,26.0,3.0
174.84673,-36.98970056,0.0,0.0,0.0,0.0,0.0,0.0,0.0,0.0,0.0,0.0,2.0,0.0,2.0,0.0,0.0,0.0,0.0,0.0,0.0,0.0
174.86436,-37.02130361,0.0,0.0,0.0,0.0,0.0,0.0,0.0,0.0,0.0,0.0,0.0,0.0,2.0,0.0,0.0,45.0,6.0,1.0,3.0,19.0
174.89363889,-36.98240111,0.0,0.0,0.0,0.0,0.0,0.0,0.0,0.0,0.0,1.0,2.0,4.0,3.0,0.0,0.0,0.0,0.0,0.0,0.0,0.0
174.92201,-36.92593222,0.0,0.0,0.0,2.0,0.0,0.0,0.0,0.0,0.0,4.0,3.0,2.0,0.0,0.0,0.0,0.0,0.0,0.0,0.0,0.0
174.92085,-37.01907028,0.0,0.0,0.0,0.0,0.0,0.0,0.0,0.0,0.0,0.0,0.0,0.0,1.0,13.0,89.0,24.0,68.0,45.0,9.0,52.0
174.76110167,-36.84773222,0.0,2.0,3.0,0.0,6.0,4.0,2.0,5.0,15.0,0.0,0.0,0.0,0.0,0.0,0.0,0.0,0.0,0.0,0.0,0.0
174.76089417,-36.8478425,0.0,4.0,1.0,0.0,2.0,3.0,2.0,3.0,4.0,0.0,0.0,0.0,0.0,0.0,0.0,0.0,0.0,0.0,0.0,0.0
174.743,-36.84796278,0.0,3.0,8.0,0.0,2.0,10.0,12.0,3.0,6.0,0.0,0.0,0.0,0.0,0.0,0.0,0.0,0.0,0.0,0.0,0.0
174.79739,-36.88167472,0.0,0.0,0.0,0.0,10.0,1.0,2.0,4.0,7.0,4.0,2.0,0.0,0.0,0.0,0.0,0.0,0.0,0.0,0.0,0.0
174.85414861,-36.89848556,0.0,0.0,0.0,4.0,5.0,2.0,0.0,1.0,0.0,1.0,5.0,4.0,0.0,0.0,0.0,0.0,0.0,0.0,0.0,0.0
174.77672,-36.88520972,0.0,0.0,0.0,0.0,6.0,1.0,9.0,5.0,6.0,0.0,1.0,0.0,0.0,0.0,0.0,0.0,0.0,0.0,0.0,0.0
174.81057,-36.88815056,0.0,0.0,0.0,7.0,2.0,2.0,9.0,2.0,0.0,4.0,1.0,0.0,0.0,0.0,0.0,0.0,0.0,0.0,0.0,0.0
174.81606083,-36.88784389,0.0,0.0,0.0,12.0,8.0,1.0,5.0,12.0,0.0,2.0,4.0,0.0,0.0,0.0,0.0,0.0,0.0,0.0,0.0,0.0
174.81964,-36.88721278,0.0,0.0,0.0,3.0,3.0,3.0,2.0,10.0,0.0,6.0,2.0,0.0,0.0,0.0,0.0,0.0,0.0,0.0,0.0,0.0
174.82025944,-36.88612694,0.0,0.0,0.0,8.0,1.0,8.0,3.0,2.0,0.0,3.0,1.0,0.0,0.0,0.0,0.0,0.0,0.0,0.0,0.0,0.0
174.82091,-36.88458667,0.0,0.0,0.0,9.0,3.0,3.0,11.0,2.0,0.0,6.0,2.0,0.0,0.0,0.0,0.0,0.0,0.0,0.0,0.0,0.0
174.82237,-36.88302972,0.0,0.0,0.0,5.0,1.0,2.0,3.0,2.0,0.0,21.0,11.0,0.0,0.0,0.0,0.0,0.0,0.0,0.0,0.0,0.0
174.82525,-36.88060167,0.0,0.0,0.0,16.0,13.0,4.0,11.0,6.0,0.0,2.0,4.0,0.0,0.0,0.0,0.0,0.0,0.0,0.0,0.0,0.0
174.82706,-36.87877667,0.0,0.0,0.0,3.0,3.0,3.0,2.0,2.0,0.0,1.0,3.0,0.0,0.0,0.0,0.0,0.0,0.0,0.0,0.0,0.0
174.82864,-36.87767778,0.0,0.0,0.0,4.0,8.0,15.0,1.0,9.0,0.0,5.0,2.0,0.0,0.0,0.0,0.0,0.0,0.0,0.0,0.0,0.0
174.83175,-36.87638972,0.0,0.0,0.0,6.0,2.0,7.0,5.0,2.0,0.0,6.0,3.0,0.0,0.0,0.0,0.0,0.0,0.0,0.0,0.0,0.0
174.83845,-36.8746975,0.0,0.0,0.0,7.0,1.0,3.0,0.0,1.0,0.0,2.0,4.0,10.0,0.0,0.0,0.0,0.0,0.0,0.0,0.0,0.0
174.83996,-36.87636667,0.0,0.0,0.0,11.0,1.0,5.0,0.0,1.0,0.0,14.0,1.0,24.0,0.0,0.0,0.0,0.0,0.0,0.0,0.0,0.0
174.83874,-36.87682056,0.0,0.0,0.0,2.0,9.0,10.0,0.0,2.0,0.0,2.0,12.0,2.0,0.0,0.0,0.0,0.0,0.0,0.0,0.0,0.0
174.83537,-36.87873472,0.0,0.0,0.0,22.0,1.0,3.0,7.0,4.0,0.0,4.0,12.0,1.0,0.0,0.0,0.0,0.0,0.0,0.0,0.0,0.0
174.83438,-36.88114861,0.0,0.0,0.0,7.0,1.0,1.0,1.0,8.0,0.0,13.0,5.0,9.0,0.0,0.0,0.0,0.0,0.0,0.0,0.0,0.0
174.83563,-36.88277667,0.0,0.0,0.0,5.0,1.0,16.0,20.0,16.0,0.0,7.0,10.0,12.0,0.0,0.0,0.0,0.0,0.0,0.0,0.0,0.0
174.84208,-36.8770425,0.0,0.0,0.0,8.0,2.0,9.0,0.0,1.0,0.0,7.0,5.0,11.0,0.0,0.0,0.0,0.0,0.0,0.0,0.0,0.0
174.84167,-36.8771575,0.0,0.0,0.0,13.0,1.0,2.0,0.0,3.0,0.0,1.0,1.0,18.0,0.0,0.0,0.0,0.0,0.0,0.0,0.0,0.0
174.85666,-36.86261361,0.0,0.0,0.0,1.0,1.0,1.0,0.0,0.0,0.0,7.0,5.0,2.0,0.0,0.0,0.0,0.0,0.0,0.0,0.0,0.0
174.81042,-36.87099167,0.0,0.0,0.0,7.0,2.0,1.0,14.0,4.0,0.0,16.0,4.0,0.0,0.0,0.0,0.0,0.0,0.0,0.0,0.0,0.0
174.80768861,-36.86722694,0.0,0.0,0.0,6.0,13.0,1.0,4.0,33.0,0.0,2.0,1.0,0.0,0.0,0.0,0.0,0.0,0.0,0.0,0.0,0.0
174.80018,-36.86551278,0.0,0.0,0.0,0.0,5.0,2.0,10.0,8.0,0.0,12.0,4.0,0.0,0.0,0.0,0.0,0.0,0.0,0.0,0.0,0.0
174.78833944,-36.92270722,0.0,0.0,0.0,0.0,2.0,1.0,5.0,13.0,1.0,0.0,1.0,0.0,0.0,0.0,0.0,0.0,0.0,0.0,0.0,0.0
174.80004,-36.86487472,0.0,0.0,0.0,0.0,24.0,3.0,1.0,5.0,0.0,5.0,2.0,0.0,0.0,0.0,0.0,0.0,0.0,0.0,0.0,0.0
174.846,-36.94016667,0.0,0.0,0.0,4.0,0.0,3.0,0.0,1.0,0.0,13.0,2.0,1.0,3.0,0.0,0.0,0.0,0.0,0.0,0.0,0.0
174.85087,-36.93917361,0.0,0.0,0.0,23.0,0.0,3.0,0.0,5.0,0.0,4.0,6.0,3.0,3.0,0.0,0.0,0.0,0.0,0.0,0.0,0.0
174.84363389,-36.94298333,0.0,0.0,0.0,3.0,0.0,15.0,0.0,1.0,0.0,2.0,10.0,4.0,3.0,0.0,0.0,0.0,0.0,0.0,0.0,0.0
174.7794,-36.88547194,0.0,0.0,0.0,0.0,8.0,7.0,7.0,1.0,1.0,0.0,1.0,0.0,0.0,0.0,0.0,0.0,0.0,0.0,0.0,0.0
174.77886,-36.88549889,0.0,0.0,0.0,0.0,7.0,6.0,2.0,4.0,2.0,0.0,1.0,0.0,0.0,0.0,0.0,0.0,0.0,0.0,0.0,0.0
174.78668,-36.92494583,0.0,0.0,0.0,0.0,4.0,4.0,7.0,2.0,13.0,0.0,10.0,0.0,0.0,0.0,0.0,0.0,0.0,0.0,0.0,0.0
174.72453,-36.88456694,0.0,0.0,0.0,0.0,2.0,10.0,13.0,5.0,2.0,0.0,0.0,0.0,0.0,0.0,0.0,0.0,0.0,0.0,0.0,0.0
174.73553,-36.86263194,0.0,10.0,14.0,0.0,2.0,1.0,5.0,4.0,2.0,0.0,0.0,0.0,0.0,0.0,0.0,0.0,0.0,0.0,0.0,0.0
174.83051889,-36.9073775,0.0,0.0,0.0,1.0,2.0,7.0,10.0,1.0,0.0,20.0,4.0,17.0,0.0,0.0,0.0,0.0,0.0,0.0,0.0,0.0
174.7265,-36.881795,0.0,0.0,0.0,0.0,2.0,4.0,5.0,2.0,3.0,0.0,0.0,0.0,0.0,0.0,0.0,0.0,0.0,0.0,0.0,0.0
174.74654333,-36.75943806,6.0,10.0,14.0,0.0,0.0,0.0,0.0,0.0,0.0,0.0,0.0,0.0,0.0,0.0,0.0,0.0,0.0,0.0,0.0,0.0
174.74401722,-36.75716528,18.0,10.0,1.0,0.0,0.0,0.0,0.0,0.0,0.0,0.0,0.0,0.0,0.0,0.0,0.0,0.0,0.0,0.0,0.0,0.0
174.74761306,-36.756675,14.0,6.0,2.0,0.0,0.0,0.0,0.0,0.0,0.0,0.0,0.0,0.0,0.0,0.0,0.0,0.0,0.0,0.0,0.0,0.0
174.94016,-37.01714806,0.0,0.0,0.0,0.0,0.0,0.0,0.0,0.0,0.0,0.0,0.0,0.0,6.0,4.0,8.0,9.0,0.0,0.0,0.0,5.0
174.91814,-37.01812722,0.0,0.0,0.0,0.0,0.0,0.0,0.0,0.0,0.0,0.0,0.0,0.0,6.0,2.0,27.0,6.0,16.0,31.0,15.0,45.0
174.76110167,-36.84773222,0.0,22.0,16.0,0.0,3.0,6.0,3.0,5.0,7.0,0.0,0.0,0.0,0.0,0.0,0.0,0.0,0.0,0.0,0.0,0.0
174.74783667,-36.84588667,0.0,2.0,5.0,0.0,8.0,3.0,6.0,2.0,6.0,0.0,0.0,0.0,0.0,0.0,0.0,0.0,0.0,0.0,0.0,0.0
174.73622,-36.86287306,0.0,5.0,7.0,0.0,1.0,5.0,16.0,1.0,7.0,0.0,0.0,0.0,0.0,0.0,0.0,0.0,0.0,0.0,0.0,0.0
174.71814611,-36.86223444,0.0,4.0,12.0,0.0,1.0,6.0,1.0,3.0,4.0,0.0,0.0,0.0,0.0,0.0,0.0,0.0,0.0,0.0,0.0,0.0
174.68907,-36.89058611,0.0,0.0,0.0,0.0,5.0,5.0,14.0,3.0,5.0,0.0,0.0,0.0,0.0,0.0,0.0,0.0,0.0,0.0,0.0,0.0
174.68807917,-36.89594194,0.0,0.0,0.0,0.0,11.0,4.0,6.0,15.0,2.0,0.0,0.0,0.0,0.0,0.0,0.0,0.0,0.0,0.0,0.0,0.0
174.72642,-36.88175194,0.0,0.0,0.0,0.0,1.0,1.0,1.0,1.0,1.0,0.0,0.0,0.0,0.0,0.0,0.0,0.0,0.0,0.0,0.0,0.0
174.72429,-36.88467889,0.0,0.0,0.0,0.0,4.0,6.0,6.0,7.0,27.0,0.0,0.0,0.0,0.0,0.0,0.0,0.0,0.0,0.0,0.0,0.0
174.7798,-36.85447889,0.0,4.0,1.0,0.0,9.0,11.0,1.0,6.0,2.0,0.0,0.0,0.0,0.0,0.0,0.0,0.0,0.0,0.0,0.0,0.0
174.77350306,-36.91646722,0.0,0.0,0.0,0.0,1.0,3.0,4.0,8.0,4.0,0.0,1.0,0.0,0.0,0.0,0.0,0.0,0.0,0.0,0.0,0.0
174.77464083,-36.91623611,0.0,0.0,0.0,0.0,10.0,20.0,4.0,4.0,12.0,0.0,1.0,0.0,0.0,0.0,0.0,0.0,0.0,0.0,0.0,0.0
174.77119556,-36.91954,0.0,0.0,0.0,0.0,3.0,1.0,16.0,1.0,1.0,0.0,3.0,0.0,0.0,0.0,0.0,0.0,0.0,0.0,0.0,0.0
174.77389,-36.87838,0.0,0.0,0.0,0.0,2.0,6.0,18.0,3.0,9.0,0.0,3.0,0.0,0.0,0.0,0.0,0.0,0.0,0.0,0.0,0.0
174.80619139,-36.89871611,0.0,0.0,0.0,1.0,4.0,4.0,10.0,1.0,0.0,4.0,6.0,0.0,0.0,0.0,0.0,0.0,0.0,0.0,0.0,0.0
174.80497139,-36.90359583,0.0,0.0,0.0,0.0,2.0,4.0,5.0,17.0,0.0,3.0,1.0,0.0,0.0,0.0,0.0,0.0,0.0,0.0,0.0,0.0
174.7777,-36.87895694,0.0,0.0,0.0,0.0,19.0,3.0,7.0,10.0,9.0,0.0,1.0,0.0,0.0,0.0,0.0,0.0,0.0,0.0,0.0,0.0
174.77848528,-36.88688028,0.0,0.0,0.0,0.0,5.0,12.0,5.0,5.0,11.0,0.0,2.0,0.0,0.0,0.0,0.0,0.0,0.0,0.0,0.0,0.0
174.7794,-36.88547194,0.0,0.0,0.0,0.0,8.0,7.0,6.0,8.0,14.0,0.0,5.0,0.0,0.0,0.0,0.0,0.0,0.0,0.0,0.0,0.0
174.78833944,-36.92270722,0.0,0.0,0.0,0.0,12.0,2.0,1.0,1.0,14.0,0.0,1.0,0.0,0.0,0.0,0.0,0.0,0.0,0.0,0.0,0.0
174.82820306,-36.90791972,0.0,0.0,0.0,9.0,10.0,2.0,8.0,3.0,0.0,12.0,1.0,12.0,0.0,0.0,0.0,0.0,0.0,0.0,0.0,0.0
174.69363083,-36.91910222,0.0,0.0,0.0,0.0,3.0,6.0,25.0,7.0,5.0,0.0,0.0,0.0,0.0,0.0,0.0,0.0,0.0,0.0,0.0,0.0
174.7841,-36.88320389,0.0,0.0,0.0,0.0,7.0,2.0,6.0,3.0,9.0,0.0,1.0,0.0,0.0,0.0,0.0,0.0,0.0,0.0,0.0,0.0
174.77672,-36.88520972,0.0,0.0,0.0,0.0,2.0,7.0,16.0,1.0,4.0,0.0,1.0,0.0,0.0,0.0,0.0,0.0,0.0,0.0,0.0,0.0
174.79932917,-36.88640944,0.0,0.0,0.0,0.0,13.0,5.0,10.0,1.0,4.0,5.0,3.0,0.0,0.0,0.0,0.0,0.0,0.0,0.0,0.0,0.0
174.77764167,-36.88731917,0.0,0.0,0.0,0.0,1.0,3.0,3.0,2.0,10.0,0.0,3.0,0.0,0.0,0.0,0.0,0.0,0.0,0.0,0.0,0.0
174.78668,-36.92494583,0.0,0.0,0.0,0.0,8.0,13.0,6.0,1.0,1.0,0.0,1.0,0.0,0.0,0.0,0.0,0.0,0.0,0.0,0.0,0.0
174.80213833,-36.86430333,0.0,0.0,0.0,0.0,6.0,1.0,4.0,8.0,0.0,16.0,1.0,0.0,0.0,0.0,0.0,0.0,0.0,0.0,0.0,0.0
174.80054917,-36.86424833,0.0,0.0,0.0,0.0,9.0,5.0,3.0,1.0,0.0,7.0,7.0,0.0,0.0,0.0,0.0,0.0,0.0,0.0,0.0,0.0
174.71910417,-36.86609972,0.0,0.0,2.0,0.0,5.0,1.0,3.0,23.0,4.0,0.0,0.0,0.0,0.0,0.0,0.0,0.0,0.0,0.0,0.0,0.0
174.62729,-36.83265944,0.0,0.0,0.0,0.0,0.0,0.0,0.0,0.0,6.0,0.0,0.0,0.0,0.0,0.0,0.0,0.0,0.0,0.0,0.0,0.0
174.6306,-36.83194139,0.0,0.0,0.0,0.0,0.0,0.0,0.0,0.0,8.0,0.0,0.0,0.0,0.0,0.0,0.0,0.0,0.0,0.0,0.0,0.0
174.62187,-36.83310222,0.0,0.0,0.0,0.0,0.0,0.0,0.0,0.0,4.0,0.0,0.0,0.0,0.0,0.0,0.0,0.0,0.0,0.0,0.0,0.0
174.60725611,-36.83623222,0.0,0.0,0.0,0.0,0.0,0.0,0.0,0.0,6.0,0.0,0.0,0.0,0.0,0.0,0.0,0.0,0.0,0.0,0.0,0.0
174.60856,-36.84442639,0.0,0.0,0.0,0.0,0.0,0.0,0.0,0.0,14.0,0.0,0.0,0.0,0.0,0.0,0.0,0.0,0.0,0.0,0.0,0.0
174.62237,-36.85785222,0.0,0.0,0.0,0.0,0.0,0.0,1.0,0.0,6.0,0.0,0.0,0.0,0.0,0.0,0.0,0.0,0.0,0.0,0.0,0.0
174.62196,-36.86088722,0.0,0.0,0.0,0.0,0.0,0.0,15.0,0.0,4.0,0.0,0.0,0.0,0.0,0.0,0.0,0.0,0.0,0.0,0.0,0.0
174.62087,-36.86893444,0.0,0.0,0.0,0.0,0.0,0.0,3.0,0.0,3.0,0.0,0.0,0.0,0.0,0.0,0.0,0.0,0.0,0.0,0.0,0.0
174.61498,-36.9005775,0.0,0.0,0.0,0.0,0.0,0.0,2.0,0.0,6.0,0.0,0.0,0.0,0.0,0.0,0.0,0.0,0.0,0.0,0.0,0.0
174.6108,-36.90520944,0.0,0.0,0.0,0.0,0.0,0.0,0.0,0.0,6.0,0.0,0.0,0.0,0.0,0.0,0.0,0.0,0.0,0.0,0.0,0.0
174.60203,-36.9148325,0.0,0.0,0.0,0.0,0.0,0.0,0.0,0.0,6.0,0.0,0.0,0.0,0.0,0.0,0.0,0.0,0.0,0.0,0.0,0.0
174.58554,-36.92010028,0.0,0.0,0.0,0.0,0.0,0.0,0.0,0.0,3.0,0.0,0.0,0.0,0.0,0.0,0.0,0.0,0.0,0.0,0.0,0.0
174.58818,-36.9177175,0.0,0.0,0.0,0.0,0.0,0.0,0.0,0.0,2.0,0.0,0.0,0.0,0.0,0.0,0.0,0.0,0.0,0.0,0.0,0.0
174.59322,-36.91702028,0.0,0.0,0.0,0.0,0.0,0.0,0.0,0.0,16.0,0.0,0.0,0.0,0.0,0.0,0.0,0.0,0.0,0.0,0.0,0.0
174.5927525,-36.93045167,0.0,0.0,0.0,0.0,0.0,0.0,0.0,0.0,23.0,0.0,0.0,0.0,0.0,0.0,0.0,0.0,0.0,0.0,0.0,0.0
174.59436611,-36.92839694,0.0,0.0,0.0,0.0,0.0,0.0,0.0,0.0,2.0,0.0,0.0,0.0,0.0,0.0,0.0,0.0,0.0,0.0,0.0,0.0
174.59814528,-36.92570222,0.0,0.0,0.0,0.0,0.0,0.0,0.0,0.0,8.0,0.0,0.0,0.0,0.0,0.0,0.0,0.0,0.0,0.0,0.0,0.0
174.59975,-36.92377139,0.0,0.0,0.0,0.0,0.0,0.0,0.0,0.0,20.0,0.0,0.0,0.0,0.0,0.0,0.0,0.0,0.0,0.0,0.0,0.0
174.60254,-36.92236833,0.0,0.0,0.0,0.0,0.0,0.0,0.0,0.0,1.0,0.0,0.0,0.0,0.0,0.0,0.0,0.0,0.0,0.0,0.0,0.0
174.60447,-36.92097833,0.0,0.0,0.0,0.0,0.0,0.0,0.0,0.0,2.0,0.0,0.0,0.0,0.0,0.0,0.0,0.0,0.0,0.0,0.0,0.0
174.60793,-36.91851944,0.0,0.0,0.0,0.0,0.0,0.0,0.0,0.0,2.0,0.0,0.0,0.0,0.0,0.0,0.0,0.0,0.0,0.0,0.0,0.0
174.61138,-36.91909833,0.0,0.0,0.0,0.0,0.0,0.0,0.0,0.0,3.0,0.0,0.0,0.0,0.0,0.0,0.0,0.0,0.0,0.0,0.0,0.0
174.615,-36.91570833,0.0,0.0,0.0,0.0,0.0,0.0,0.0,0.0,3.0,0.0,0.0,0.0,0.0,0.0,0.0,0.0,0.0,0.0,0.0,0.0
174.62076,-36.91192639,0.0,0.0,0.0,0.0,0.0,0.0,5.0,0.0,5.0,0.0,0.0,0.0,0.0,0.0,0.0,0.0,0.0,0.0,0.0,0.0
174.62729,-36.90850028,0.0,0.0,0.0,0.0,0.0,0.0,24.0,0.0,2.0,0.0,0.0,0.0,0.0,0.0,0.0,0.0,0.0,0.0,0.0,0.0
174.64403,-36.89389528,0.0,0.0,0.0,0.0,0.0,0.0,10.0,2.0,7.0,0.0,0.0,0.0,0.0,0.0,0.0,0.0,0.0,0.0,0.0,0.0
174.65314,-36.89238417,0.0,0.0,0.0,0.0,0.0,0.0,2.0,2.0,2.0,0.0,0.0,0.0,0.0,0.0,0.0,0.0,0.0,0.0,0.0,0.0
174.65077,-36.89590028,0.0,0.0,0.0,0.0,0.0,0.0,3.0,8.0,8.0,0.0,0.0,0.0,0.0,0.0,0.0,0.0,0.0,0.0,0.0,0.0
174.63748389,-36.90899222,0.0,0.0,0.0,0.0,0.0,0.0,6.0,12.0,10.0,0.0,0.0,0.0,0.0,0.0,0.0,0.0,0.0,0.0,0.0,0.0
174.63997,-36.90876528,0.0,0.0,0.0,0.0,0.0,0.0,5.0,4.0,1.0,0.0,0.0,0.0,0.0,0.0,0.0,0.0,0.0,0.0,0.0,0.0
174.65405,-36.92679028,0.0,0.0,0.0,0.0,0.0,0.0,4.0,3.0,6.0,0.0,0.0,0.0,0.0,0.0,0.0,0.0,0.0,0.0,0.0,0.0
174.65633,-36.91213528,0.0,0.0,0.0,0.0,0.0,0.0,7.0,2.0,4.0,0.0,0.0,0.0,0.0,0.0,0.0,0.0,0.0,0.0,0.0,0.0
174.65614,-36.93998806,0.0,0.0,0.0,0.0,0.0,0.0,24.0,9.0,7.0,0.0,0.0,0.0,0.0,0.0,0.0,0.0,0.0,0.0,0.0,0.0
174.66317,-36.94972028,0.0,0.0,0.0,0.0,0.0,0.0,6.0,14.0,5.0,0.0,0.0,0.0,0.0,0.0,0.0,0.0,0.0,0.0,0.0,0.0
174.66013,-36.94726222,0.0,0.0,0.0,0.0,0.0,0.0,4.0,4.0,4.0,0.0,0.0,0.0,0.0,0.0,0.0,0.0,0.0,0.0,0.0,0.0
174.65976,-36.94536639,0.0,0.0,0.0,0.0,0.0,0.0,3.0,1.0,4.0,0.0,0.0,0.0,0.0,0.0,0.0,0.0,0.0,0.0,0.0,0.0
174.68021,-36.92601111,0.0,0.0,0.0,0.0,0.0,0.0,5.0,9.0,3.0,0.0,0.0,0.0,0.0,0.0,0.0,0.0,0.0,0.0,0.0,0.0
174.64925556,-36.91965111,0.0,0.0,0.0,0.0,0.0,0.0,5.0,1.0,5.0,0.0,0.0,0.0,0.0,0.0,0.0,0.0,0.0,0.0,0.0,0.0
174.64392,-36.78258028,21.0,5.0,4.0,0.0,0.0,0.0,0.0,0.0,0.0,0.0,0.0,0.0,0.0,0.0,0.0,0.0,0.0,0.0,0.0,0.0
174.62834,-36.81705028,0.0,0.0,0.0,0.0,0.0,0.0,0.0,0.0,2.0,0.0,0.0,0.0,0.0,0.0,0.0,0.0,0.0,0.0,0.0,0.0
174.62908,-36.81794917,0.0,0.0,0.0,0.0,0.0,0.0,0.0,0.0,4.0,0.0,0.0,0.0,0.0,0.0,0.0,0.0,0.0,0.0,0.0,0.0
174.62488,-36.82375528,0.0,0.0,0.0,0.0,0.0,0.0,0.0,0.0,3.0,0.0,0.0,0.0,0.0,0.0,0.0,0.0,0.0,0.0,0.0,0.0
174.62408,-36.82630028,0.0,0.0,0.0,0.0,0.0,0.0,0.0,0.0,2.0,0.0,0.0,0.0,0.0,0.0,0.0,0.0,0.0,0.0,0.0,0.0
174.61218,-36.83098722,0.0,0.0,0.0,0.0,0.0,0.0,0.0,0.0,3.0,0.0,0.0,0.0,0.0,0.0,0.0,0.0,0.0,0.0,0.0,0.0
174.62524,-36.83351028,0.0,0.0,0.0,0.0,0.0,0.0,0.0,0.0,14.0,0.0,0.0,0.0,0.0,0.0,0.0,0.0,0.0,0.0,0.0,0.0
174.62298,-36.86672028,0.0,0.0,0.0,0.0,0.0,0.0,1.0,0.0,5.0,0.0,0.0,0.0,0.0,0.0,0.0,0.0,0.0,0.0,0.0,0.0
174.61262667,-36.90347667,0.0,0.0,0.0,0.0,0.0,0.0,0.0,0.0,7.0,0.0,0.0,0.0,0.0,0.0,0.0,0.0,0.0,0.0,0.0,0.0
174.60913,-36.90949833,0.0,0.0,0.0,0.0,0.0,0.0,0.0,0.0,4.0,0.0,0.0,0.0,0.0,0.0,0.0,0.0,0.0,0.0,0.0,0.0
174.60666,-36.9118875,0.0,0.0,0.0,0.0,0.0,0.0,0.0,0.0,35.0,0.0,0.0,0.0,0.0,0.0,0.0,0.0,0.0,0.0,0.0,0.0
174.6052,-36.91319833,0.0,0.0,0.0,0.0,0.0,0.0,0.0,0.0,1.0,0.0,0.0,0.0,0.0,0.0,0.0,0.0,0.0,0.0,0.0,0.0
174.61740333,-36.91338333,0.0,0.0,0.0,0.0,0.0,0.0,0.0,0.0,2.0,0.0,0.0,0.0,0.0,0.0,0.0,0.0,0.0,0.0,0.0,0.0
174.62462,-36.90949722,0.0,0.0,0.0,0.0,0.0,0.0,6.0,0.0,12.0,0.0,0.0,0.0,0.0,0.0,0.0,0.0,0.0,0.0,0.0,0.0
174.64696,-36.85061639,0.0,0.0,0.0,0.0,0.0,0.0,7.0,0.0,1.0,0.0,0.0,0.0,0.0,0.0,0.0,0.0,0.0,0.0,0.0,0.0
174.65309194,-36.88115222,0.0,0.0,0.0,0.0,0.0,0.0,2.0,4.0,9.0,0.0,0.0,0.0,0.0,0.0,0.0,0.0,0.0,0.0,0.0,0.0
174.68438,-36.91715806,0.0,0.0,0.0,0.0,6.0,6.0,6.0,2.0,14.0,0.0,0.0,0.0,0.0,0.0,0.0,0.0,0.0,0.0,0.0,0.0
174.65491,-36.93817722,0.0,0.0,0.0,0.0,0.0,0.0,2.0,2.0,1.0,0.0,0.0,0.0,0.0,0.0,0.0,0.0,0.0,0.0,0.0,0.0
174.6364,-36.90924417,0.0,0.0,0.0,0.0,0.0,0.0,2.0,6.0,3.0,0.0,0.0,0.0,0.0,0.0,0.0,0.0,0.0,0.0,0.0,0.0
174.61418833,-36.91710833,0.0,0.0,0.0,0.0,0.0,0.0,0.0,0.0,6.0,0.0,0.0,0.0,0.0,0.0,0.0,0.0,0.0,0.0,0.0,0.0
174.60393,-36.8350875,0.0,0.0,0.0,0.0,0.0,0.0,0.0,0.0,14.0,0.0,0.0,0.0,0.0,0.0,0.0,0.0,0.0,0.0,0.0,0.0
174.62185,-36.83121917,0.0,0.0,0.0,0.0,0.0,0.0,0.0,0.0,2.0,0.0,0.0,0.0,0.0,0.0,0.0,0.0,0.0,0.0,0.0,0.0
174.63624639,-36.88718361,0.0,0.0,0.0,0.0,0.0,0.0,8.0,0.0,6.0,0.0,0.0,0.0,0.0,0.0,0.0,0.0,0.0,0.0,0.0,0.0
174.62122111,-36.91341667,0.0,0.0,0.0,0.0,0.0,0.0,11.0,0.0,1.0,0.0,0.0,0.0,0.0,0.0,0.0,0.0,0.0,0.0,0.0,0.0
174.81602,-36.85870278,0.0,0.0,0.0,3.0,1.0,1.0,1.0,4.0,0.0,1.0,5.0,0.0,0.0,0.0,0.0,0.0,0.0,0.0,0.0,0.0
174.83716056,-36.86167417,0.0,0.0,0.0,35.0,3.0,2.0,0.0,2.0,0.0,1.0,10.0,0.0,0.0,0.0,0.0,0.0,0.0,0.0,0.0,0.0
174.84133,-36.86294972,0.0,0.0,0.0,10.0,5.0,1.0,0.0,0.0,0.0,4.0,4.0,7.0,0.0,0.0,0.0,0.0,0.0,0.0,0.0,0.0
174.84998,-36.8528325,0.0,0.0,0.0,17.0,11.0,21.0,0.0,0.0,0.0,15.0,1.0,48.0,0.0,0.0,0.0,0.0,0.0,0.0,0.0,0.0
174.86636,-36.8786075,0.0,0.0,0.0,3.0,7.0,19.0,0.0,0.0,0.0,1.0,2.0,13.0,0.0,0.0,0.0,0.0,0.0,0.0,0.0,0.0
174.85491,-36.8797875,0.0,0.0,0.0,21.0,1.0,6.0,0.0,0.0,0.0,4.0,8.0,5.0,0.0,0.0,0.0,0.0,0.0,0.0,0.0,0.0
174.84208,-36.8770425,0.0,0.0,0.0,1.0,10.0,3.0,0.0,2.0,0.0,6.0,4.0,5.0,0.0,0.0,0.0,0.0,0.0,0.0,0.0,0.0
174.83429861,-36.87441972,0.0,0.0,0.0,2.0,7.0,1.0,3.0,7.0,0.0,1.0,2.0,0.0,0.0,0.0,0.0,0.0,0.0,0.0,0.0,0.0
174.82025944,-36.88612694,0.0,0.0,0.0,5.0,5.0,3.0,1.0,2.0,0.0,5.0,10.0,0.0,0.0,0.0,0.0,0.0,0.0,0.0,0.0,0.0
174.81057,-36.88815056,0.0,0.0,0.0,2.0,2.0,1.0,14.0,4.0,0.0,4.0,4.0,0.0,0.0,0.0,0.0,0.0,0.0,0.0,0.0,0.0
174.80598,-36.88631667,0.0,0.0,0.0,5.0,8.0,1.0,1.0,8.0,0.0,2.0,3.0,0.0,0.0,0.0,0.0,0.0,0.0,0.0,0.0,0.0
174.79593667,-36.88347833,0.0,0.0,0.0,0.0,13.0,3.0,1.0,12.0,5.0,4.0,2.0,0.0,0.0,0.0,0.0,0.0,0.0,0.0,0.0,0.0
174.79275583,-36.88120944,0.0,0.0,0.0,0.0,5.0,1.0,4.0,1.0,3.0,1.0,2.0,0.0,0.0,0.0,0.0,0.0,0.0,0.0,0.0,0.0
174.80018,-36.86551278,0.0,0.0,0.0,0.0,12.0,2.0,5.0,3.0,0.0,11.0,7.0,0.0,0.0,0.0,0.0,0.0,0.0,0.0,0.0,0.0
174.81042,-36.87099167,0.0,0.0,0.0,9.0,7.0,6.0,6.0,10.0,0.0,5.0,2.0,0.0,0.0,0.0,0.0,0.0,0.0,0.0,0.0,0.0
174.82632,-36.90763167,0.0,0.0,0.0,1.0,1.0,1.0,2.0,1.0,0.0,3.0,3.0,0.0,0.0,0.0,0.0,0.0,0.0,0.0,0.0,0.0
174.82397,-36.90762667,0.0,0.0,0.0,35.0,3.0,3.0,2.0,1.0,0.0,10.0,1.0,0.0,0.0,0.0,0.0,0.0,0.0,0.0,0.0,0.0
174.85025556,-36.92161917,0.0,0.0,0.0,6.0,10.0,2.0,0.0,1.0,0.0,8.0,9.0,8.0,0.0,0.0,0.0,0.0,0.0,0.0,0.0,0.0
174.87256,-36.9127675,0.0,0.0,0.0,10.0,0.0,3.0,0.0,0.0,0.0,1.0,1.0,16.0,0.0,0.0,0.0,0.0,0.0,0.0,0.0,0.0
174.89125361,-36.89656194,0.0,0.0,0.0,19.0,0.0,0.0,0.0,0.0,0.0,27.0,2.0,2.0,0.0,0.0,0.0,0.0,0.0,0.0,0.0,0.0
174.91065,-36.88246417,0.0,0.0,0.0,1.0,0.0,0.0,0.0,0.0,0.0,1.0,7.0,8.0,0.0,0.0,0.0,0.0,0.0,0.0,0.0,0.0
174.91410028,-36.88239972,0.0,0.0,0.0,15.0,0.0,0.0,0.0,0.0,0.0,2.0,1.0,5.0,0.0,0.0,0.0,0.0,0.0,0.0,0.0,0.0
174.9288,-36.89570611,0.0,0.0,0.0,12.0,0.0,0.0,0.0,0.0,0.0,10.0,2.0,8.0,0.0,0.0,0.0,0.0,0.0,0.0,0.0,0.0
174.92559444,-36.89833167,0.0,0.0,0.0,11.0,0.0,0.0,0.0,0.0,0.0,6.0,3.0,18.0,0.0,0.0,0.0,0.0,0.0,0.0,0.0,0.0
174.91831389,-36.89979611,0.0,0.0,0.0,15.0,0.0,0.0,0.0,0.0,0.0,13.0,3.0,27.0,0.0,0.0,0.0,0.0,0.0,0.0,0.0,0.0
174.92426,-36.90537722,0.0,0.0,0.0,15.0,0.0,0.0,0.0,0.0,0.0,13.0,6.0,1.0,0.0,0.0,0.0,0.0,0.0,0.0,0.0,0.0
174.92402194,-36.90726194,0.0,0.0,0.0,3.0,0.0,0.0,0.0,0.0,0.0,1.0,1.0,5.0,0.0,0.0,0.0,0.0,0.0,0.0,0.0,0.0
174.92271667,-36.91200944,0.0,0.0,0.0,1.0,0.0,0.0,0.0,0.0,0.0,6.0,6.0,1.0,0.0,0.0,0.0,0.0,0.0,0.0,0.0,0.0
174.91597944,-36.90539778,0.0,0.0,0.0,3.0,0.0,0.0,0.0,0.0,0.0,1.0,2.0,14.0,0.0,0.0,0.0,0.0,0.0,0.0,0.0,0.0
174.92596,-36.91796611,0.0,0.0,0.0,7.0,0.0,0.0,0.0,0.0,0.0,2.0,3.0,27.0,0.0,0.0,0.0,0.0,0.0,0.0,0.0,0.0
174.92296,-36.91938028,0.0,0.0,0.0,1.0,0.0,0.0,0.0,0.0,0.0,2.0,5.0,6.0,0.0,0.0,0.0,0.0,0.0,0.0,0.0,0.0
174.90873,-36.92553639,0.0,0.0,0.0,1.0,0.0,0.0,0.0,0.0,0.0,10.0,1.0,4.0,3.0,0.0,0.0,0.0,0.0,0.0,0.0,0.0
174.90884361,-36.91990556,0.0,0.0,0.0,3.0,0.0,0.0,0.0,0.0,0.0,1.0,1.0,22.0,0.0,0.0,0.0,0.0,0.0,0.0,0.0,0.0
174.92201,-36.92593222,0.0,0.0,0.0,16.0,0.0,0.0,0.0,0.0,0.0,2.0,2.0,3.0,0.0,0.0,0.0,0.0,0.0,0.0,0.0,0.0
174.92511,-36.93092417,0.0,0.0,0.0,4.0,0.0,0.0,0.0,0.0,0.0,2.0,1.0,2.0,2.0,0.0,0.0,0.0,0.0,0.0,0.0,0.0
174.93950722,-36.90655917,0.0,0.0,0.0,1.0,0.0,0.0,0.0,0.0,0.0,9.0,1.0,6.0,0.0,0.0,0.0,0.0,0.0,0.0,0.0,0.0
174.938315,-36.90429111,0.0,0.0,0.0,3.0,0.0,0.0,0.0,0.0,0.0,6.0,7.0,8.0,0.0,0.0,0.0,0.0,0.0,0.0,0.0,0.0
174.93472,-36.90382917,0.0,0.0,0.0,4.0,0.0,0.0,0.0,0.0,0.0,11.0,5.0,20.0,0.0,0.0,0.0,0.0,0.0,0.0,0.0,0.0
174.93935222,-36.91306472,0.0,0.0,0.0,3.0,0.0,0.0,0.0,0.0,0.0,2.0,11.0,3.0,0.0,0.0,0.0,0.0,0.0,0.0,0.0,0.0
174.90302,-36.94316833,0.0,0.0,0.0,16.0,0.0,0.0,0.0,0.0,0.0,6.0,1.0,3.0,3.0,0.0,0.0,0.0,0.0,0.0,0.0,0.0
174.90169222,-36.92617333,0.0,0.0,0.0,17.0,0.0,0.0,0.0,0.0,0.0,19.0,11.0,8.0,3.0,0.0,0.0,0.0,0.0,0.0,0.0,0.0
174.90101,-36.92432139,0.0,0.0,0.0,10.0,0.0,0.0,0.0,0.0,0.0,1.0,2.0,6.0,9.0,0.0,0.0,0.0,0.0,0.0,0.0,0.0
174.89798,-36.92171528,0.0,0.0,0.0,17.0,0.0,0.0,0.0,0.0,0.0,1.0,1.0,3.0,0.0,0.0,0.0,0.0,0.0,0.0,0.0,0.0
174.89407,-36.92029722,0.0,0.0,0.0,1.0,0.0,0.0,0.0,0.0,0.0,4.0,10.0,2.0,0.0,0.0,0.0,0.0,0.0,0.0,0.0,0.0
174.89455889,-36.92587528,0.0,0.0,0.0,1.0,0.0,0.0,0.0,0.0,0.0,4.0,4.0,6.0,1.0,0.0,0.0,0.0,0.0,0.0,0.0,0.0
174.89467722,-36.92591056,0.0,0.0,0.0,19.0,0.0,0.0,0.0,0.0,0.0,5.0,4.0,3.0,3.0,0.0,0.0,0.0,0.0,0.0,0.0,0.0
174.90465528,-36.95955639,0.0,0.0,0.0,17.0,0.0,0.0,0.0,0.0,0.0,3.0,1.0,12.0,1.0,0.0,0.0,0.0,0.0,0.0,0.0,0.0
174.89014,-36.95418333,0.0,0.0,0.0,2.0,0.0,0.0,0.0,0.0,0.0,1.0,1.0,2.0,1.0,0.0,0.0,0.0,0.0,0.0,0.0,0.0
174.89411,-36.98260528,0.0,0.0,0.0,0.0,0.0,0.0,0.0,0.0,0.0,9.0,7.0,6.0,2.0,0.0,0.0,0.0,0.0,0.0,0.0,0.0
174.89049,-36.98152444,0.0,0.0,0.0,0.0,0.0,0.0,0.0,0.0,0.0,18.0,1.0,7.0,9.0,0.0,0.0,0.0,0.0,0.0,0.0,0.0
174.86966,-36.95804639,0.0,0.0,0.0,2.0,0.0,0.0,0.0,0.0,0.0,3.0,1.0,12.0,6.0,0.0,0.0,0.0,0.0,0.0,0.0,0.0
174.88847,-36.91733028,0.0,0.0,0.0,1.0,0.0,0.0,0.0,0.0,0.0,15.0,5.0,18.0,0.0,0.0,0.0,0.0,0.0,0.0,0.0,0.0
174.88772,-36.92114722,0.0,0.0,0.0,16.0,0.0,0.0,0.0,0.0,0.0,3.0,4.0,16.0,0.0,0.0,0.0,0.0,0.0,0.0,0.0,0.0
174.88602,-36.92283528,0.0,0.0,0.0,3.0,0.0,0.0,0.0,0.0,0.0,5.0,10.0,10.0,2.0,0.0,0.0,0.0,0.0,0.0,0.0,0.0
174.80768861,-36.86722694,0.0,0.0,0.0,3.0,1.0,3.0,2.0,1.0,0.0,8.0,2.0,0.0,0.0,0.0,0.0,0.0,0.0,0.0,0.0,0.0
174.88833,-36.91828833,0.0,0.0,0.0,24.0,0.0,0.0,0.0,0.0,0.0,4.0,2.0,7.0,0.0,0.0,0.0,0.0,0.0,0.0,0.0,0.0
174.88916,-36.91601139,0.0,0.0,0.0,2.0,0.0,0.0,0.0,0.0,0.0,6.0,4.0,2.0,0.0,0.0,0.0,0.0,0.0,0.0,0.0,0.0
174.92244,-36.92683528,0.0,0.0,0.0,8.0,0.0,0.0,0.0,0.0,0.0,2.0,2.0,6.0,0.0,0.0,0.0,0.0,0.0,0.0,0.0,0.0
174.79739,-36.88167472,0.0,0.0,0.0,0.0,6.0,1.0,1.0,17.0,9.0,3.0,1.0,0.0,0.0,0.0,0.0,0.0,0.0,0.0,0.0,0.0
174.89889,-36.91242444,0.0,0.0,0.0,24.0,0.0,0.0,0.0,0.0,0.0,4.0,1.0,1.0,0.0,0.0,0.0,0.0,0.0,0.0,0.0,0.0
174.87441389,-36.92221639,0.0,0.0,0.0,10.0,0.0,0.0,0.0,0.0,0.0,1.0,15.0,1.0,2.0,0.0,0.0,0.0,0.0,0.0,0.0,0.0
174.80648,-36.82839861,0.0,9.0,3.0,0.0,3.0,8.0,2.0,0.0,0.0,0.0,0.0,0.0,0.0,0.0,0.0,0.0,0.0,0.0,0.0,0.0
174.80425,-36.82288389,0.0,1.0,9.0,0.0,1.0,5.0,14.0,0.0,0.0,0.0,0.0,0.0,0.0,0.0,0.0,0.0,0.0,0.0,0.0,0.0
174.79234,-36.81311583,30.0,2.0,8.0,0.0,6.0,3.0,9.0,0.0,0.0,0.0,0.0,0.0,0.0,0.0,0.0,0.0,0.0,0.0,0.0,0.0
174.80291,-36.82866583,0.0,1.0,5.0,0.0,8.0,7.0,2.0,0.0,0.0,0.0,0.0,0.0,0.0,0.0,0.0,0.0,0.0,0.0,0.0,0.0
174.80299,-36.82609583,0.0,9.0,3.0,0.0,8.0,4.0,12.0,0.0,0.0,0.0,0.0,0.0,0.0,0.0,0.0,0.0,0.0,0.0,0.0,0.0
174.80264,-36.82748083,0.0,1.0,3.0,0.0,2.0,5.0,1.0,0.0,0.0,0.0,0.0,0.0,0.0,0.0,0.0,0.0,0.0,0.0,0.0,0.0
174.79368,-36.81570667,0.0,7.0,26.0,0.0,13.0,1.0,25.0,0.0,0.0,0.0,0.0,0.0,0.0,0.0,0.0,0.0,0.0,0.0,0.0,0.0
174.79561,-36.80710278,11.0,23.0,19.0,0.0,1.0,15.0,0.0,0.0,0.0,0.0,0.0,0.0,0.0,0.0,0.0,0.0,0.0,0.0,0.0,0.0
174.79076028,-36.8043925,9.0,5.0,1.0,0.0,1.0,1.0,0.0,0.0,0.0,0.0,0.0,0.0,0.0,0.0,0.0,0.0,0.0,0.0,0.0,0.0
174.75203,-36.78185889,14.0,5.0,2.0,0.0,6.0,0.0,0.0,0.0,0.0,0.0,0.0,0.0,0.0,0.0,0.0,0.0,0.0,0.0,0.0,0.0
174.77150611,-36.78817389,6.0,7.0,18.0,0.0,7.0,3.0,0.0,0.0,0.0,0.0,0.0,0.0,0.0,0.0,0.0,0.0,0.0,0.0,0.0,0.0
174.75484,-36.78716583,6.0,5.0,1.0,0.0,6.0,0.0,0.0,0.0,0.0,0.0,0.0,0.0,0.0,0.0,0.0,0.0,0.0,0.0,0.0,0.0
174.74495,-36.79906306,7.0,7.0,1.0,0.0,10.0,13.0,2.0,0.0,0.0,0.0,0.0,0.0,0.0,0.0,0.0,0.0,0.0,0.0,0.0,0.0
174.74527,-36.81795806,15.0,5.0,1.0,0.0,1.0,1.0,1.0,0.0,9.0,0.0,0.0,0.0,0.0,0.0,0.0,0.0,0.0,0.0,0.0,0.0
174.74805,-36.823825,5.0,2.0,3.0,0.0,3.0,5.0,5.0,1.0,4.0,0.0,0.0,0.0,0.0,0.0,0.0,0.0,0.0,0.0,0.0,0.0
174.73528,-36.81795806,2.0,8.0,4.0,0.0,3.0,23.0,1.0,0.0,9.0,0.0,0.0,0.0,0.0,0.0,0.0,0.0,0.0,0.0,0.0,0.0
174.71481861,-36.81016528,2.0,1.0,6.0,0.0,11.0,3.0,6.0,0.0,1.0,0.0,0.0,0.0,0.0,0.0,0.0,0.0,0.0,0.0,0.0,0.0
174.70961,-36.81187389,1.0,1.0,1.0,0.0,3.0,5.0,16.0,0.0,8.0,0.0,0.0,0.0,0.0,0.0,0.0,0.0,0.0,0.0,0.0,0.0
174.7088,-36.82082806,4.0,1.0,9.0,0.0,1.0,7.0,9.0,0.0,5.0,0.0,0.0,0.0,0.0,0.0,0.0,0.0,0.0,0.0,0.0,0.0
174.71187,-36.81888611,21.0,3.0,2.0,0.0,8.0,2.0,6.0,0.0,2.0,0.0,0.0,0.0,0.0,0.0,0.0,0.0,0.0,0.0,0.0,0.0
174.70985,-36.81651194,8.0,12.0,3.0,0.0,3.0,2.0,6.0,0.0,9.0,0.0,0.0,0.0,0.0,0.0,0.0,0.0,0.0,0.0,0.0,0.0
174.70799,-36.81750611,14.0,1.0,3.0,0.0,1.0,2.0,8.0,0.0,4.0,0.0,0.0,0.0,0.0,0.0,0.0,0.0,0.0,0.0,0.0,0.0
174.70085778,-36.79555778,4.0,1.0,15.0,0.0,0.0,0.0,0.0,0.0,0.0,0.0,0.0,0.0,0.0,0.0,0.0,0.0,0.0,0.0,0.0,0.0
174.70425,-36.79415,2.0,6.0,1.0,0.0,0.0,0.0,0.0,0.0,0.0,0.0,0.0,0.0,0.0,0.0,0.0,0.0,0.0,0.0,0.0,0.0
174.70992,-36.79430306,3.0,1.0,11.0,0.0,3.0,0.0,0.0,0.0,0.0,0.0,0.0,0.0,0.0,0.0,0.0,0.0,0.0,0.0,0.0,0.0
174.71506,-36.79756389,4.0,11.0,12.0,0.0,6.0,0.0,9.0,0.0,0.0,0.0,0.0,0.0,0.0,0.0,0.0,0.0,0.0,0.0,0.0,0.0
174.72268,-36.79939694,1.0,3.0,1.0,0.0,27.0,8.0,4.0,0.0,0.0,0.0,0.0,0.0,0.0,0.0,0.0,0.0,0.0,0.0,0.0,0.0
174.7324,-36.78994806,21.0,2.0,3.0,0.0,1.0,0.0,0.0,0.0,0.0,0.0,0.0,0.0,0.0,0.0,0.0,0.0,0.0,0.0,0.0,0.0
174.72002,-36.78997611,9.0,14.0,6.0,0.0,3.0,0.0,0.0,0.0,0.0,0.0,0.0,0.0,0.0,0.0,0.0,0.0,0.0,0.0,0.0,0.0
174.7174425,-36.78968083,7.0,6.0,2.0,0.0,3.0,0.0,0.0,0.0,0.0,0.0,0.0,0.0,0.0,0.0,0.0,0.0,0.0,0.0,0.0,0.0
174.71365,-36.78971806,4.0,1.0,2.0,0.0,0.0,0.0,0.0,0.0,0.0,0.0,0.0,0.0,0.0,0.0,0.0,0.0,0.0,0.0,0.0,0.0
174.71142,-36.78269694,3.0,3.0,1.0,0.0,0.0,0.0,0.0,0.0,0.0,0.0,0.0,0.0,0.0,0.0,0.0,0.0,0.0,0.0,0.0,0.0
174.7281,-36.782185,28.0,1.0,6.0,0.0,0.0,0.0,0.0,0.0,0.0,0.0,0.0,0.0,0.0,0.0,0.0,0.0,0.0,0.0,0.0,0.0
174.73212472,-36.77973139,3.0,3.0,3.0,0.0,0.0,0.0,0.0,0.0,0.0,0.0,0.0,0.0,0.0,0.0,0.0,0.0,0.0,0.0,0.0,0.0
174.71458,-36.77561611,8.0,2.0,2.0,0.0,0.0,0.0,0.0,0.0,0.0,0.0,0.0,0.0,0.0,0.0,0.0,0.0,0.0,0.0,0.0,0.0
174.75455,-36.77639083,13.0,2.0,7.0,0.0,0.0,0.0,0.0,0.0,0.0,0.0,0.0,0.0,0.0,0.0,0.0,0.0,0.0,0.0,0.0,0.0
174.75142833,-36.77868889,16.0,5.0,1.0,0.0,0.0,0.0,0.0,0.0,0.0,0.0,0.0,0.0,0.0,0.0,0.0,0.0,0.0,0.0,0.0,0.0
174.74921861,-36.776115,11.0,1.0,1.0,0.0,0.0,0.0,0.0,0.0,0.0,0.0,0.0,0.0,0.0,0.0,0.0,0.0,0.0,0.0,0.0,0.0
174.75451583,-36.76276778,6.0,3.0,1.0,0.0,0.0,0.0,0.0,0.0,0.0,0.0,0.0,0.0,0.0,0.0,0.0,0.0,0.0,0.0,0.0,0.0
174.74956,-36.76340389,3.0,13.0,2.0,0.0,0.0,0.0,0.0,0.0,0.0,0.0,0.0,0.0,0.0,0.0,0.0,0.0,0.0,0.0,0.0,0.0
174.75286278,-36.76643667,17.0,5.0,4.0,0.0,0.0,0.0,0.0,0.0,0.0,0.0,0.0,0.0,0.0,0.0,0.0,0.0,0.0,0.0,0.0,0.0
174.75293917,-36.76454694,1.0,2.0,2.0,0.0,0.0,0.0,0.0,0.0,0.0,0.0,0.0,0.0,0.0,0.0,0.0,0.0,0.0,0.0,0.0,0.0
174.75422,-36.74287694,7.0,12.0,4.0,0.0,0.0,0.0,0.0,0.0,0.0,0.0,0.0,0.0,0.0,0.0,0.0,0.0,0.0,0.0,0.0,0.0
174.75313,-36.74421083,6.0,13.0,11.0,0.0,0.0,0.0,0.0,0.0,0.0,0.0,0.0,0.0,0.0,0.0,0.0,0.0,0.0,0.0,0.0,0.0
174.74759,-36.74777194,12.0,9.0,3.0,0.0,0.0,0.0,0.0,0.0,0.0,0.0,0.0,0.0,0.0,0.0,0.0,0.0,0.0,0.0,0.0,0.0
174.75046,-36.7474,10.0,1.0,1.0,0.0,0.0,0.0,0.0,0.0,0.0,0.0,0.0,0.0,0.0,0.0,0.0,0.0,0.0,0.0,0.0,0.0
174.73946,-36.74721,1.0,18.0,10.0,0.0,0.0,0.0,0.0,0.0,0.0,0.0,0.0,0.0,0.0,0.0,0.0,0.0,0.0,0.0,0.0,0.0
174.73565,-36.76758778,2.0,2.0,2.0,0.0,0.0,0.0,0.0,0.0,0.0,0.0,0.0,0.0,0.0,0.0,0.0,0.0,0.0,0.0,0.0,0.0
174.71882,-36.76158694,4.0,4.0,4.0,0.0,0.0,0.0,0.0,0.0,0.0,0.0,0.0,0.0,0.0,0.0,0.0,0.0,0.0,0.0,0.0,0.0
174.6955,-36.75418194,13.0,3.0,1.0,0.0,0.0,0.0,0.0,0.0,0.0,0.0,0.0,0.0,0.0,0.0,0.0,0.0,0.0,0.0,0.0,0.0
174.6911,-36.75636111,6.0,9.0,2.0,0.0,0.0,0.0,0.0,0.0,0.0,0.0,0.0,0.0,0.0,0.0,0.0,0.0,0.0,0.0,0.0,0.0
174.68471,-36.75450722,7.0,3.0,3.0,0.0,0.0,0.0,0.0,0.0,0.0,0.0,0.0,0.0,0.0,0.0,0.0,0.0,0.0,0.0,0.0,0.0
174.68331,-36.75224806,1.0,5.0,1.0,0.0,0.0,0.0,0.0,0.0,0.0,0.0,0.0,0.0,0.0,0.0,0.0,0.0,0.0,0.0,0.0,0.0
174.69335,-36.750755,6.0,10.0,16.0,0.0,0.0,0.0,0.0,0.0,0.0,0.0,0.0,0.0,0.0,0.0,0.0,0.0,0.0,0.0,0.0,0.0
174.68124,-36.76141111,2.0,4.0,5.0,0.0,0.0,0.0,0.0,0.0,0.0,0.0,0.0,0.0,0.0,0.0,0.0,0.0,0.0,0.0,0.0,0.0
174.69747,-36.75748611,1.0,4.0,6.0,0.0,0.0,0.0,0.0,0.0,0.0,0.0,0.0,0.0,0.0,0.0,0.0,0.0,0.0,0.0,0.0,0.0
174.68702,-36.762735,1.0,2.0,2.0,0.0,0.0,0.0,0.0,0.0,0.0,0.0,0.0,0.0,0.0,0.0,0.0,0.0,0.0,0.0,0.0,0.0
174.69120083,-36.74794611,1.0,5.0,8.0,0.0,0.0,0.0,0.0,0.0,0.0,0.0,0.0,0.0,0.0,0.0,0.0,0.0,0.0,0.0,0.0,0.0
174.69109111,-36.7368275,8.0,7.0,6.0,0.0,0.0,0.0,0.0,0.0,0.0,0.0,0.0,0.0,0.0,0.0,0.0,0.0,0.0,0.0,0.0,0.0
174.69638917,-36.73059083,5.0,4.0,2.0,0.0,0.0,0.0,0.0,0.0,0.0,0.0,0.0,0.0,0.0,0.0,0.0,0.0,0.0,0.0,0.0,0.0
174.74220111,-36.76073472,9.0,5.0,15.0,0.0,0.0,0.0,0.0,0.0,0.0,0.0,0.0,0.0,0.0,0.0,0.0,0.0,0.0,0.0,0.0,0.0
174.74273,-36.76155083,1.0,2.0,17.0,0.0,0.0,0.0,0.0,0.0,0.0,0.0,0.0,0.0,0.0,0.0,0.0,0.0,0.0,0.0,0.0,0.0
174.74415972,-36.73891611,1.0,4.0,1.0,0.0,0.0,0.0,0.0,0.0,0.0,0.0,0.0,0.0,0.0,0.0,0.0,0.0,0.0,0.0,0.0,0.0
174.74566361,-36.73525833,2.0,1.0,16.0,0.0,0.0,0.0,0.0,0.0,0.0,0.0,0.0,0.0,0.0,0.0,0.0,0.0,0.0,0.0,0.0,0.0
174.74754,-36.71227889,22.0,6.0,14.0,0.0,0.0,0.0,0.0,0.0,0.0,0.0,0.0,0.0,0.0,0.0,0.0,0.0,0.0,0.0,0.0,0.0
174.73683,-36.73055194,1.0,1.0,3.0,0.0,0.0,0.0,0.0,0.0,0.0,0.0,0.0,0.0,0.0,0.0,0.0,0.0,0.0,0.0,0.0,0.0
174.73645,-36.73776722,4.0,3.0,10.0,0.0,0.0,0.0,0.0,0.0,0.0,0.0,0.0,0.0,0.0,0.0,0.0,0.0,0.0,0.0,0.0,0.0
174.72786,-36.71424,44.0,1.0,3.0,0.0,0.0,0.0,0.0,0.0,0.0,0.0,0.0,0.0,0.0,0.0,0.0,0.0,0.0,0.0,0.0,0.0
174.72546,-36.70036194,10.0,2.0,10.0,0.0,0.0,0.0,0.0,0.0,0.0,0.0,0.0,0.0,0.0,0.0,0.0,0.0,0.0,0.0,0.0,0.0
174.73740722,-36.69206444,13.0,1.0,0.0,0.0,0.0,0.0,0.0,0.0,0.0,0.0,0.0,0.0,0.0,0.0,0.0,0.0,0.0,0.0,0.0,0.0
174.73812361,-36.69130722,7.0,3.0,0.0,0.0,0.0,0.0,0.0,0.0,0.0,0.0,0.0,0.0,0.0,0.0,0.0,0.0,0.0,0.0,0.0,0.0
174.72126,-36.702575,4.0,7.0,6.0,0.0,0.0,0.0,0.0,0.0,0.0,0.0,0.0,0.0,0.0,0.0,0.0,0.0,0.0,0.0,0.0,0.0
174.69656056,-36.71210528,9.0,1.0,11.0,0.0,0.0,0.0,0.0,0.0,0.0,0.0,0.0,0.0,0.0,0.0,0.0,0.0,0.0,0.0,0.0,0.0
174.6797,-36.72855611,23.0,7.0,4.0,0.0,0.0,0.0,0.0,0.0,0.0,0.0,0.0,0.0,0.0,0.0,0.0,0.0,0.0,0.0,0.0,0.0
174.69123,-36.72263306,4.0,4.0,7.0,0.0,0.0,0.0,0.0,0.0,0.0,0.0,0.0,0.0,0.0,0.0,0.0,0.0,0.0,0.0,0.0,0.0
174.72296,-36.72457583,7.0,1.0,1.0,0.0,0.0,0.0,0.0,0.0,0.0,0.0,0.0,0.0,0.0,0.0,0.0,0.0,0.0,0.0,0.0,0.0
174.70708,-36.69337611,3.0,0.0,0.0,0.0,0.0,0.0,0.0,0.0,0.0,0.0,0.0,0.0,0.0,0.0,0.0,0.0,0.0,0.0,0.0,0.0
174.69904167,-36.6825075,6.0,0.0,0.0,0.0,0.0,0.0,0.0,0.0,0.0,0.0,0.0,0.0,0.0,0.0,0.0,0.0,0.0,0.0,0.0,0.0
174.73551139,-36.69117333,1.0,8.0,0.0,0.0,0.0,0.0,0.0,0.0,0.0,0.0,0.0,0.0,0.0,0.0,0.0,0.0,0.0,0.0,0.0,0.0
174.79723,-36.82236167,0.0,8.0,16.0,0.0,17.0,11.0,4.0,0.0,0.0,0.0,0.0,0.0,0.0,0.0,0.0,0.0,0.0,0.0,0.0,0.0
174.68655,-36.67516417,3.0,0.0,0.0,0.0,0.0,0.0,0.0,0.0,0.0,0.0,0.0,0.0,0.0,0.0,0.0,0.0,0.0,0.0,0.0,0.0
174.71322,-36.78478611,12.0,3.0,4.0,0.0,0.0,0.0,0.0,0.0,0.0,0.0,0.0,0.0,0.0,0.0,0.0,0.0,0.0,0.0,0.0,0.0
174.73348278,-36.80954833,7.0,20.0,1.0,0.0,9.0,1.0,2.0,0.0,1.0,0.0,0.0,0.0,0.0,0.0,0.0,0.0,0.0,0.0,0.0,0.0
174.71487,-36.77885611,3.0,6.0,2.0,0.0,0.0,0.0,0.0,0.0,0.0,0.0,0.0,0.0,0.0,0.0,0.0,0.0,0.0,0.0,0.0,0.0
174.70105,-36.79933917,1.0,2.0,8.0,0.0,12.0,0.0,4.0,0.0,0.0,0.0,0.0,0.0,0.0,0.0,0.0,0.0,0.0,0.0,0.0,0.0
174.71470083,-36.78012889,26.0,3.0,7.0,0.0,0.0,0.0,0.0,0.0,0.0,0.0,0.0,0.0,0.0,0.0,0.0,0.0,0.0,0.0,0.0,0.0
174.75493,-36.759945,14.0,1.0,1.0,0.0,0.0,0.0,0.0,0.0,0.0,0.0,0.0,0.0,0.0,0.0,0.0,0.0,0.0,0.0,0.0,0.0
174.75158,-36.76035194,12.0,6.0,3.0,0.0,0.0,0.0,0.0,0.0,0.0,0.0,0.0,0.0,0.0,0.0,0.0,0.0,0.0,0.0,0.0,0.0
174.74665528,-36.74531639,2.0,6.0,6.0,0.0,0.0,0.0,0.0,0.0,0.0,0.0,0.0,0.0,0.0,0.0,0.0,0.0,0.0,0.0,0.0,0.0
174.70879,-36.79377111,8.0,4.0,2.0,0.0,6.0,0.0,0.0,0.0,0.0,0.0,0.0,0.0,0.0,0.0,0.0,0.0,0.0,0.0,0.0,0.0
174.74073,-36.78569306,1.0,4.0,1.0,0.0,3.0,0.0,0.0,0.0,0.0,0.0,0.0,0.0,0.0,0.0,0.0,0.0,0.0,0.0,0.0,0.0
174.73992,-36.78516583,1.0,8.0,7.0,0.0,13.0,0.0,0.0,0.0,0.0,0.0,0.0,0.0,0.0,0.0,0.0,0.0,0.0,0.0,0.0,0.0
174.74215,-36.69444889,8.0,4.0,4.0,0.0,0.0,0.0,0.0,0.0,0.0,0.0,0.0,0.0,0.0,0.0,0.0,0.0,0.0,0.0,0.0,0.0
174.69554528,-36.75963028,2.0,13.0,4.0,0.0,0.0,0.0,0.0,0.0,0.0,0.0,0.0,0.0,0.0,0.0,0.0,0.0,0.0,0.0,0.0,0.0
174.75034083,-36.78066,1.0,2.0,3.0,0.0,47.0,0.0,0.0,0.0,0.0,0.0,0.0,0.0,0.0,0.0,0.0,0.0,0.0,0.0,0.0,0.0
174.69183,-36.75115806,4.0,4.0,7.0,0.0,0.0,0.0,0.0,0.0,0.0,0.0,0.0,0.0,0.0,0.0,0.0,0.0,0.0,0.0,0.0,0.0
174.75982,-36.792005,7.0,2.0,11.0,0.0,1.0,2.0,0.0,0.0,0.0,0.0,0.0,0.0,0.0,0.0,0.0,0.0,0.0,0.0,0.0,0.0
174.71556,-36.77499694,4.0,2.0,4.0,0.0,0.0,0.0,0.0,0.0,0.0,0.0,0.0,0.0,0.0,0.0,0.0,0.0,0.0,0.0,0.0,0.0
174.71155,-36.78684111,15.0,5.0,2.0,0.0,0.0,0.0,0.0,0.0,0.0,0.0,0.0,0.0,0.0,0.0,0.0,0.0,0.0,0.0,0.0,0.0
174.68721083,-36.6759875,2.0,0.0,0.0,0.0,0.0,0.0,0.0,0.0,0.0,0.0,0.0,0.0,0.0,0.0,0.0,0.0,0.0,0.0,0.0,0.0
174.91455917,-37.04220833,0.0,0.0,0.0,0.0,0.0,0.0,0.0,0.0,0.0,0.0,0.0,0.0,3.0,1.0,25.0,2.0,13.0,16.0,27.0,20.0
174.91833,-37.03935917,0.0,0.0,0.0,0.0,0.0,0.0,0.0,0.0,0.0,0.0,0.0,0.0,5.0,4.0,1.0,33.0,26.0,2.0,77.0,52.0
174.8908,-37.00918028,0.0,0.0,0.0,0.0,0.0,0.0,0.0,0.0,0.0,0.0,0.0,0.0,3.0,1.0,46.0,22.0,0.0,0.0,0.0,15.0
174.92111694,-37.01931444,0.0,0.0,0.0,0.0,0.0,0.0,0.0,0.0,0.0,0.0,0.0,0.0,8.0,11.0,18.0,3.0,5.0,2.0,15.0,4.0
174.89041,-37.04409639,0.0,0.0,0.0,0.0,0.0,0.0,0.0,0.0,0.0,0.0,0.0,0.0,13.0,12.0,6.0,8.0,58.0,34.0,12.0,24.0
174.88092,-37.05179639,0.0,0.0,0.0,0.0,0.0,0.0,0.0,0.0,0.0,0.0,0.0,0.0,12.0,28.0,16.0,21.0,2.0,13.0,8.0,34.0
174.88501,-37.02887639,0.0,0.0,0.0,0.0,0.0,0.0,0.0,0.0,0.0,0.0,0.0,0.0,3.0,17.0,6.0,60.0,11.0,15.0,19.0,93.0
174.88672,-37.03192944,0.0,0.0,0.0,0.0,0.0,0.0,0.0,0.0,0.0,0.0,0.0,0.0,11.0,41.0,21.0,3.0,5.0,1.0,15.0,5.0
174.88811,-37.03413139,0.0,0.0,0.0,0.0,0.0,0.0,0.0,0.0,0.0,0.0,0.0,0.0,3.0,35.0,19.0,10.0,35.0,65.0,6.0,47.0
174.88567056,-37.03484139,0.0,0.0,0.0,0.0,0.0,0.0,0.0,0.0,0.0,0.0,0.0,0.0,1.0,6.0,5.0,12.0,11.0,23.0,6.0,13.0
174.87632,-37.03134444,0.0,0.0,0.0,0.0,0.0,0.0,0.0,0.0,0.0,0.0,0.0,0.0,2.0,4.0,16.0,37.0,19.0,90.0,42.0,37.0
174.87257,-37.03664639,0.0,0.0,0.0,0.0,0.0,0.0,0.0,0.0,0.0,0.0,0.0,0.0,1.0,6.0,15.0,1.0,18.0,9.0,7.0,10.0
174.86026,-37.02832361,0.0,0.0,0.0,0.0,0.0,0.0,0.0,0.0,0.0,0.0,0.0,0.0,7.0,0.0,0.0,8.0,2.0,2.0,32.0,55.0
174.86236,-37.02753944,0.0,0.0,0.0,0.0,0.0,0.0,0.0,0.0,0.0,0.0,0.0,0.0,2.0,0.0,0.0,25.0,21.0,2.0,34.0,57.0
174.86502,-37.02742139,0.0,0.0,0.0,0.0,0.0,0.0,0.0,0.0,0.0,0.0,0.0,0.0,14.0,29.0,0.0,15.0,14.0,23.0,20.0,38.0
174.86652,-37.02675556,0.0,0.0,0.0,0.0,0.0,0.0,0.0,0.0,0.0,0.0,0.0,0.0,24.0,9.0,0.0,40.0,20.0,7.0,8.0,5.0
174.86421,-37.0224325,0.0,0.0,0.0,0.0,0.0,0.0,0.0,0.0,0.0,0.0,0.0,0.0,9.0,0.0,0.0,4.0,12.0,114.0,7.0,20.0
174.86411,-37.02147056,0.0,0.0,0.0,0.0,0.0,0.0,0.0,0.0,0.0,0.0,0.0,0.0,19.0,0.0,0.0,33.0,4.0,2.0,42.0,33.0
174.88877,-37.01850056,0.0,0.0,0.0,0.0,0.0,0.0,0.0,0.0,0.0,0.0,0.0,0.0,2.0,5.0,52.0,6.0,3.0,2.0,9.0,124.0
174.88485,-37.0167025,0.0,0.0,0.0,0.0,0.0,0.0,0.0,0.0,0.0,0.0,0.0,0.0,4.0,14.0,4.0,63.0,7.0,1.0,28.0,21.0
174.88146,-37.0150675,0.0,0.0,0.0,0.0,0.0,0.0,0.0,0.0,0.0,0.0,0.0,0.0,3.0,97.0,7.0,24.0,17.0,1.0,22.0,11.0
174.90702861,-37.02893361,0.0,0.0,0.0,0.0,0.0,0.0,0.0,0.0,0.0,0.0,0.0,0.0,1.0,2.0,11.0,38.0,2.0,10.0,29.0,27.0
174.90850556,-37.02252917,0.0,0.0,0.0,0.0,0.0,0.0,0.0,0.0,0.0,0.0,0.0,0.0,1.0,10.0,23.0,3.0,3.0,14.0,10.0,46.0
174.89471,-37.00776028,0.0,0.0,0.0,0.0,0.0,0.0,0.0,0.0,0.0,0.0,0.0,0.0,6.0,41.0,10.0,12.0,0.0,0.0,0.0,26.0
174.87437,-36.98261639,0.0,0.0,0.0,0.0,0.0,0.0,0.0,0.0,0.0,4.0,1.0,0.0,25.0,0.0,0.0,0.0,0.0,0.0,0.0,0.0
174.86790833,-36.98657806,0.0,0.0,0.0,0.0,0.0,0.0,0.0,0.0,0.0,0.0,6.0,0.0,18.0,0.0,0.0,0.0,0.0,0.0,0.0,0.0
174.86765,-36.9857525,0.0,0.0,0.0,0.0,0.0,0.0,0.0,0.0,0.0,0.0,16.0,0.0,20.0,0.0,0.0,0.0,0.0,0.0,0.0,0.0
174.86671778,-36.98528444,0.0,0.0,0.0,0.0,0.0,0.0,0.0,0.0,0.0,0.0,1.0,0.0,16.0,0.0,0.0,0.0,0.0,0.0,0.0,0.0
174.86432,-36.9861975,0.0,0.0,0.0,0.0,0.0,0.0,0.0,0.0,0.0,0.0,9.0,0.0,15.0,0.0,0.0,0.0,0.0,0.0,0.0,0.0
174.85273,-36.98864167,0.0,0.0,0.0,0.0,0.0,0.0,0.0,0.0,0.0,0.0,1.0,0.0,6.0,0.0,0.0,0.0,0.0,0.0,0.0,0.0
174.84888,-36.99110556,0.0,0.0,0.0,0.0,0.0,0.0,0.0,0.0,0.0,0.0,5.0,0.0,2.0,0.0,0.0,0.0,0.0,0.0,0.0,0.0
174.84695361,-36.9897475,0.0,0.0,0.0,0.0,0.0,0.0,0.0,0.0,0.0,0.0,4.0,0.0,7.0,0.0,0.0,0.0,0.0,0.0,0.0,0.0
174.84365,-36.98996056,0.0,0.0,0.0,0.0,0.0,0.0,0.0,0.0,0.0,0.0,8.0,0.0,2.0,0.0,0.0,0.0,0.0,0.0,0.0,0.0
174.84308,-36.98686944,0.0,0.0,0.0,0.0,0.0,0.0,0.0,0.0,0.0,0.0,3.0,0.0,2.0,0.0,0.0,0.0,0.0,0.0,0.0,0.0
174.83168,-36.98206167,0.0,0.0,0.0,0.0,0.0,0.0,0.0,0.0,0.0,0.0,1.0,0.0,10.0,0.0,0.0,0.0,0.0,0.0,0.0,0.0
174.83442,-36.97709361,0.0,0.0,0.0,0.0,0.0,0.0,0.0,0.0,0.0,0.0,3.0,0.0,4.0,0.0,0.0,0.0,0.0,0.0,0.0,0.0
174.82959,-36.97432778,0.0,0.0,0.0,0.0,0.0,0.0,0.0,0.0,0.0,0.0,5.0,0.0,1.0,0.0,0.0,0.0,0.0,0.0,0.0,0.0
174.84874472,-36.97895222,0.0,0.0,0.0,0.0,0.0,0.0,0.0,0.0,0.0,0.0,6.0,0.0,2.0,0.0,0.0,0.0,0.0,0.0,0.0,0.0
174.85644,-36.97422861,0.0,0.0,0.0,0.0,0.0,0.0,0.0,0.0,0.0,3.0,11.0,0.0,7.0,0.0,0.0,0.0,0.0,0.0,0.0,0.0
174.84363389,-36.94298333,0.0,0.0,0.0,9.0,0.0,9.0,0.0,7.0,0.0,3.0,2.0,2.0,3.0,0.0,0.0,0.0,0.0,0.0,0.0,0.0
174.84731,-36.94535444,0.0,0.0,0.0,4.0,0.0,0.0,0.0,2.0,0.0,7.0,3.0,3.0,1.0,0.0,0.0,0.0,0.0,0.0,0.0,0.0
174.84919,-36.94711556,0.0,0.0,0.0,3.0,0.0,0.0,0.0,4.0,0.0,3.0,5.0,5.0,11.0,0.0,0.0,0.0,0.0,0.0,0.0,0.0
174.85087,-36.93917361,0.0,0.0,0.0,4.0,0.0,6.0,0.0,1.0,0.0,2.0,1.0,24.0,1.0,0.0,0.0,0.0,0.0,0.0,0.0,0.0
174.84804,-36.93974444,0.0,0.0,0.0,7.0,0.0,5.0,0.0,9.0,0.0,9.0,3.0,7.0,14.0,0.0,0.0,0.0,0.0,0.0,0.0,0.0
174.846,-36.94016667,0.0,0.0,0.0,5.0,0.0,3.0,0.0,3.0,0.0,12.0,9.0,7.0,1.0,0.0,0.0,0.0,0.0,0.0,0.0,0.0
174.83482,-36.9457025,0.0,0.0,0.0,5.0,0.0,10.0,0.0,8.0,0.0,5.0,1.0,0.0,5.0,0.0,0.0,0.0,0.0,0.0,0.0,0.0
174.83787,-36.9610725,0.0,0.0,0.0,0.0,0.0,0.0,0.0,7.0,0.0,3.0,4.0,0.0,4.0,0.0,0.0,0.0,0.0,0.0,0.0,0.0
174.84246139,-36.96611833,0.0,0.0,0.0,0.0,0.0,0.0,0.0,0.0,0.0,1.0,1.0,0.0,4.0,0.0,0.0,0.0,0.0,0.0,0.0,0.0
174.85089083,-36.97384889,0.0,0.0,0.0,0.0,0.0,0.0,0.0,0.0,0.0,8.0,1.0,0.0,9.0,0.0,0.0,0.0,0.0,0.0,0.0,0.0
174.85141,-36.97611861,0.0,0.0,0.0,0.0,0.0,0.0,0.0,0.0,0.0,2.0,5.0,0.0,3.0,0.0,0.0,0.0,0.0,0.0,0.0,0.0
174.83725,-36.96448167,0.0,0.0,0.0,0.0,0.0,0.0,0.0,14.0,0.0,1.0,5.0,0.0,1.0,0.0,0.0,0.0,0.0,0.0,0.0,0.0
174.81324,-36.96834972,0.0,0.0,0.0,0.0,0.0,0.0,0.0,2.0,0.0,0.0,3.0,0.0,9.0,0.0,0.0,0.0,0.0,0.0,0.0,0.0
174.81524,-36.96603556,0.0,0.0,0.0,0.0,0.0,0.0,0.0,1.0,0.0,0.0,2.0,0.0,7.0,0.0,0.0,0.0,0.0,0.0,0.0,0.0
174.81902472,-36.96701389,0.0,0.0,0.0,0.0,0.0,0.0,0.0,8.0,0.0,0.0,5.0,0.0,3.0,0.0,0.0,0.0,0.0,0.0,0.0,0.0
174.81381,-36.96152556,0.0,0.0,0.0,0.0,0.0,0.0,0.0,13.0,0.0,0.0,12.0,0.0,10.0,0.0,0.0,0.0,0.0,0.0,0.0,0.0
174.81414,-36.96291778,0.0,0.0,0.0,0.0,0.0,0.0,0.0,9.0,0.0,0.0,1.0,0.0,8.0,0.0,0.0,0.0,0.0,0.0,0.0,0.0
174.79782,-36.95193361,0.0,0.0,0.0,0.0,1.0,1.0,1.0,6.0,0.0,0.0,4.0,0.0,6.0,0.0,0.0,0.0,0.0,0.0,0.0,0.0
174.79678,-36.94949972,0.0,0.0,0.0,0.0,2.0,2.0,5.0,6.0,0.0,0.0,1.0,0.0,0.0,0.0,0.0,0.0,0.0,0.0,0.0,0.0
174.79579,-36.94740778,0.0,0.0,0.0,0.0,2.0,5.0,8.0,3.0,0.0,0.0,7.0,0.0,0.0,0.0,0.0,0.0,0.0,0.0,0.0,0.0
174.7946,-36.94374972,0.0,0.0,0.0,0.0,9.0,1.0,6.0,4.0,0.0,0.0,8.0,0.0,0.0,0.0,0.0,0.0,0.0,0.0,0.0,0.0
174.79344639,-36.95476444,0.0,0.0,0.0,0.0,20.0,3.0,4.0,5.0,0.0,0.0,4.0,0.0,0.0,0.0,0.0,0.0,0.0,0.0,0.0,0.0
174.79494,-36.95722778,0.0,0.0,0.0,0.0,0.0,8.0,0.0,1.0,0.0,0.0,2.0,0.0,1.0,0.0,0.0,0.0,0.0,0.0,0.0,0.0
174.79355,-36.96077472,0.0,0.0,0.0,0.0,0.0,1.0,0.0,6.0,0.0,0.0,1.0,0.0,2.0,0.0,0.0,0.0,0.0,0.0,0.0,0.0
174.80456,-36.97695861,0.0,0.0,0.0,0.0,0.0,0.0,0.0,6.0,0.0,0.0,10.0,0.0,5.0,0.0,0.0,0.0,0.0,0.0,0.0,0.0
174.83975917,-36.95396944,0.0,0.0,0.0,0.0,0.0,0.0,0.0,7.0,0.0,3.0,7.0,0.0,3.0,0.0,0.0,0.0,0.0,0.0,0.0,0.0
174.83018,-36.97356056,0.0,0.0,0.0,0.0,0.0,0.0,0.0,0.0,0.0,0.0,1.0,0.0,1.0,0.0,0.0,0.0,0.0,0.0,0.0,0.0
174.86316,-36.9864975,0.0,0.0,0.0,0.0,0.0,0.0,0.0,0.0,0.0,0.0,2.0,0.0,6.0,0.0,0.0,0.0,0.0,0.0,0.0,0.0
174.9114,-37.04495222,0.0,0.0,0.0,0.0,0.0,0.0,0.0,0.0,0.0,0.0,0.0,0.0,1.0,24.0,10.0,19.0,17.0,44.0,10.0,41.0
174.87678722,-36.9818775,0.0,0.0,0.0,0.0,0.0,0.0,0.0,0.0,0.0,4.0,4.0,0.0,6.0,0.0,0.0,0.0,0.0,0.0,0.0,0.0
174.84788583,-36.9371525,0.0,0.0,0.0,1.0,0.0,1.0,0.0,5.0,0.0,4.0,10.0,2.0,7.0,0.0,0.0,0.0,0.0,0.0,0.0,0.0
174.84044667,-36.942775,0.0,0.0,0.0,5.0,0.0,9.0,0.0,3.0,0.0,3.0,12.0,2.0,1.0,0.0,0.0,0.0,0.0,0.0,0.0,0.0
174.80281,-36.95356278,0.0,0.0,0.0,0.0,3.0,1.0,0.0,7.0,0.0,0.0,1.0,0.0,1.0,0.0,0.0,0.0,0.0,0.0,0.0,0.0
174.84689583,-36.94406583,0.0,0.0,0.0,11.0,0.0,10.0,0.0,6.0,0.0,1.0,4.0,2.0,3.0,0.0,0.0,0.0,0.0,0.0,0.0,0.0
174.94945944,-36.98110139,0.0,0.0,0.0,0.0,0.0,0.0,0.0,0.0,0.0,0.0,0.0,1.0,2.0,17.0,23.0,0.0,0.0,0.0,0.0,0.0
174.92171222,-36.93060833,0.0,0.0,0.0,2.0,0.0,0.0,0.0,0.0,0.0,7.0,2.0,5.0,3.0,0.0,0.0,0.0,0.0,0.0,0.0,0.0
174.65188,-36.92548028,0.0,0.0,0.0,0.0,0.0,0.0,1.0,4.0,1.0,0.0,0.0,0.0,0.0,0.0,0.0,0.0,0.0,0.0,0.0,0.0
174.74654333,-36.75943806,2.0,5.0,4.0,0.0,0.0,0.0,0.0,0.0,0.0,0.0,0.0,0.0,0.0,0.0,0.0,0.0,0.0,0.0,0.0,0.0
174.74401722,-36.75716528,5.0,5.0,6.0,0.0,0.0,0.0,0.0,0.0,0.0,0.0,0.0,0.0,0.0,0.0,0.0,0.0,0.0,0.0,0.0,0.0
174.74761306,-36.756675,20.0,2.0,6.0,0.0,0.0,0.0,0.0,0.0,0.0,0.0,0.0,0.0,0.0,0.0,0.0,0.0,0.0,0.0,0.0,0.0
